DATE,WEEK,MONTH,GYM TYPE,BODYWEIGHT,PHASE,EXERCISE,MUSCLE GROUP,WEIGHT,REPS,VOLUME,ESTIMATED 1RM,RELATIVE STRENGTH
2025-04-07,15,Apr,College Gym,70.85,Bulk,Squats,Legs,27.5,12,330.0,38.5,0.5434015525758645
2025-04-07,15,Apr,College Gym,70.85,Bulk,Squats,Legs,30.0,9,270.0,39.0,0.5504587155963303
2025-04-07,15,Apr,College Gym,70.85,Bulk,Squats,Legs,30.0,8,240.0,38.0,0.5363443895553988
2025-04-07,15,Apr,College Gym,70.85,Bulk,Leg Extension,Legs,60.0,10,600.0,80.0,1.1291460832745237
2025-04-07,15,Apr,College Gym,70.85,Bulk,Leg Extension,Legs,60.0,7,420.0,74.0,1.0444601270289344
2025-04-07,15,Apr,College Gym,70.85,Bulk,Leg Extension,Legs,60.0,7,420.0,74.0,1.0444601270289344
2025-04-07,15,Apr,College Gym,70.85,Bulk,Lateral Raises,Shoulders,10.0,7,70.0,12.333333333333334,0.17407668783815575
2025-04-07,15,Apr,College Gym,70.85,Bulk,Lateral Raises,Shoulders,7.5,16,120.0,11.5,0.16231474947071278
2025-04-07,15,Apr,College Gym,70.85,Bulk,Lateral Raises,Shoulders,7.5,9,67.5,9.75,0.13761467889908258
2025-04-07,15,Apr,College Gym,70.85,Bulk,Cable Rear Delts,Shoulders,5.0,14,70.0,7.333333333333334,0.10350505763349802
2025-04-07,15,Apr,College Gym,70.85,Bulk,Cable Rear Delts,Shoulders,10.0,9,90.0,13.0,0.1834862385321101
2025-04-07,15,Apr,College Gym,70.85,Bulk,Cable Rear Delts,Shoulders,5.0,20,100.0,8.333333333333332,0.11761938367442953
2025-04-07,15,Apr,College Gym,70.85,Bulk,Overhead Press,Shoulders,17.5,7,122.5,21.583333333333336,0.3046342037167726
2025-04-07,15,Apr,College Gym,70.85,Bulk,Overhead Press,Shoulders,15.0,10,150.0,20.0,0.2822865208186309
2025-04-09,15,Apr,College Gym,71.05,Bulk,Preacher Curls Barbell,Biceps,5.0,13,65.0,7.166666666666667,0.10086793338024866
2025-04-09,15,Apr,College Gym,71.05,Bulk,Preacher Curls Barbell,Biceps,5.0,10,50.0,6.666666666666666,0.09383063570255688
2025-04-09,15,Apr,College Gym,71.05,Bulk,Preacher Curls Barbell,Biceps,5.0,7,35.0,6.166666666666667,0.08679333802486512
2025-04-09,15,Apr,College Gym,71.05,Bulk,Hammer Curls,Biceps,12.5,9,112.5,16.25,0.2287121745249824
2025-04-09,15,Apr,College Gym,71.05,Bulk,Hammer Curls,Biceps,12.5,9,112.5,16.25,0.2287121745249824
2025-04-09,15,Apr,College Gym,71.05,Bulk,Hammer Curls,Biceps,12.5,9,112.5,16.25,0.2287121745249824
2025-04-09,15,Apr,College Gym,71.05,Bulk,Incline Curls,Biceps,7.5,10,75.0,10.0,0.14074595355383535
2025-04-09,15,Apr,College Gym,71.05,Bulk,Incline Curls,Biceps,7.5,9,67.5,9.75,0.13722730471498945
2025-04-09,15,Apr,College Gym,71.05,Bulk,Incline Curls,Biceps,7.5,9,67.5,9.75,0.13722730471498945
2025-04-09,15,Apr,College Gym,71.05,Bulk,Incline Dumbbell Press,Chest,20.0,7,140.0,24.666666666666668,0.3471733520994605
2025-04-09,15,Apr,College Gym,71.05,Bulk,Incline Dumbbell Press,Chest,20.0,5,100.0,23.333333333333336,0.32840722495894914
2025-04-09,15,Apr,College Gym,71.05,Bulk,Incline Dumbbell Press,Chest,17.5,8,140.0,22.166666666666664,0.3119868637110016
2025-04-09,15,Apr,College Gym,71.05,Bulk,Dumbbell Press,Chest,17.5,9,157.5,22.75,0.32019704433497537
2025-04-09,15,Apr,College Gym,71.05,Bulk,Dumbbell Press,Chest,17.5,8,140.0,22.166666666666664,0.3119868637110016
2025-04-12,15,Apr,College Gym,70.5,Bulk,Single Arm Overhead Tricep Extension,Triceps,10.0,11,110.0,13.666666666666668,0.19385342789598112
2025-04-12,15,Apr,College Gym,70.5,Bulk,Single Arm Overhead Tricep Extension,Triceps,10.0,10,100.0,13.333333333333332,0.18912529550827423
2025-04-12,15,Apr,College Gym,70.5,Bulk,Single Arm Overhead Tricep Extension,Triceps,10.0,8,80.0,12.666666666666666,0.1796690307328605
2025-04-12,15,Apr,College Gym,70.5,Bulk,Tricep Rope Pushdown,Triceps,25.0,15,375.0,37.5,0.5319148936170213
2025-04-12,15,Apr,College Gym,70.5,Bulk,Tricep Rope Pushdown,Triceps,30.0,13,390.0,43.0,0.6099290780141844
2025-04-12,15,Apr,College Gym,70.5,Bulk,Tricep Rope Pushdown,Triceps,30.0,11,330.0,41.0,0.5815602836879432
2025-04-12,15,Apr,College Gym,70.5,Bulk,Tricep Rope Pushdown,Triceps,30.0,13,390.0,43.0,0.6099290780141844
2025-04-12,15,Apr,College Gym,70.5,Bulk,Barbell Rowing,Back,17.5,9,157.5,22.75,0.32269503546099293
2025-04-12,15,Apr,College Gym,70.5,Bulk,Barbell Rowing,Back,17.5,9,157.5,22.75,0.32269503546099293
2025-04-12,15,Apr,College Gym,70.5,Bulk,Barbell Rowing,Back,17.5,6,105.0,21.0,0.2978723404255319
2025-04-12,15,Apr,College Gym,70.5,Bulk,Mag Grip Pulldown,Back,45.0,10,450.0,60.0,0.851063829787234
2025-04-12,15,Apr,College Gym,70.5,Bulk,Mag Grip Pulldown,Back,45.0,10,450.0,60.0,0.851063829787234
2025-04-12,15,Apr,College Gym,70.5,Bulk,Mag Grip Pulldown,Back,45.0,9,405.0,58.5,0.8297872340425532
2025-04-12,15,Apr,College Gym,70.5,Bulk,Chest Supported Dumbbell Rows,Back,15.0,9,135.0,19.5,0.2765957446808511
2025-04-12,15,Apr,College Gym,70.5,Bulk,Chest Supported Dumbbell Rows,Back,12.5,10,125.0,16.666666666666664,0.23640661938534274
2025-04-12,15,Apr,College Gym,70.5,Bulk,Single Arm Pulldown,Back,45.0,11,495.0,61.5,0.8723404255319149
2025-04-12,15,Apr,College Gym,70.5,Bulk,Single Arm Pulldown,Back,37.5,13,487.5,53.75,0.7624113475177305
2025-04-14,16,Apr,College Gym,71.75,Bulk,Cable Rear Delts,Shoulders,10.0,11,110.0,13.666666666666668,0.1904761904761905
2025-04-14,16,Apr,College Gym,71.75,Bulk,Cable Rear Delts,Shoulders,10.0,10,100.0,13.333333333333332,0.18583042973286873
2025-04-14,16,Apr,College Gym,71.75,Bulk,Cable Rear Delts,Shoulders,10.0,9,90.0,13.0,0.18118466898954705
2025-04-14,16,Apr,College Gym,71.75,Bulk,Chest Supported Lateral Raises,Shoulders,7.5,13,97.5,10.75,0.14982578397212543
2025-04-14,16,Apr,College Gym,71.75,Bulk,Chest Supported Lateral Raises,Shoulders,7.5,9,67.5,9.75,0.13588850174216027
2025-04-14,16,Apr,College Gym,71.75,Bulk,Chest Supported Lateral Raises,Shoulders,7.5,10,75.0,10.0,0.13937282229965156
2025-04-14,16,Apr,College Gym,71.75,Bulk,Chest Supported Lateral Raises,Shoulders,7.5,9,67.5,9.75,0.13588850174216027
2025-04-14,16,Apr,College Gym,71.75,Bulk,Preacher Curls Barbell,Biceps,5.0,15,75.0,7.5,0.10452961672473868
2025-04-14,16,Apr,College Gym,71.75,Bulk,Preacher Curls Barbell,Biceps,7.5,6,45.0,9.0,0.1254355400696864
2025-04-14,16,Apr,College Gym,71.75,Bulk,Preacher Curls Barbell,Biceps,7.5,4,30.0,8.5,0.11846689895470383
2025-04-14,16,Apr,College Gym,71.75,Bulk,Closegrip Benchpress Ez Bar,Triceps,15.0,11,165.0,20.5,0.2857142857142857
2025-04-14,16,Apr,College Gym,71.75,Bulk,Closegrip Benchpress Ez Bar,Triceps,15.0,8,120.0,19.0,0.26480836236933797
2025-04-14,16,Apr,College Gym,71.75,Bulk,Closegrip Benchpress Ez Bar,Triceps,15.0,8,120.0,19.0,0.26480836236933797
2025-04-14,16,Apr,College Gym,71.75,Bulk,Closegrip Benchpress Ez Bar,Triceps,15.0,8,120.0,19.0,0.26480836236933797
2025-04-14,16,Apr,College Gym,71.75,Bulk,Reverse Curls,Biceps,5.0,7,35.0,6.166666666666667,0.0859465737514518
2025-04-14,16,Apr,College Gym,71.75,Bulk,Reverse Curls,Biceps,5.0,8,40.0,6.333333333333333,0.08826945412311266
2025-04-14,16,Apr,College Gym,71.75,Bulk,Reverse Curls,Biceps,5.0,9,45.0,6.5,0.09059233449477352
2025-04-16,16,Apr,College Gym,71.25,Bulk,Squats,Legs,30.0,12,360.0,42.0,0.5894736842105263
2025-04-16,16,Apr,College Gym,71.25,Bulk,Squats,Legs,30.0,10,300.0,40.0,0.5614035087719298
2025-04-16,16,Apr,College Gym,71.25,Bulk,Squats,Legs,30.0,11,330.0,41.0,0.5754385964912281
2025-04-16,16,Apr,College Gym,71.25,Bulk,Leg Extension,Legs,60.0,11,660.0,82.0,1.1508771929824562
2025-04-16,16,Apr,College Gym,71.25,Bulk,Leg Extension,Legs,60.0,8,480.0,76.0,1.0666666666666667
2025-04-16,16,Apr,College Gym,71.25,Bulk,Leg Extension,Legs,60.0,8,480.0,76.0,1.0666666666666667
2025-04-16,16,Apr,College Gym,71.25,Bulk,Cable Rear Delts,Shoulders,10.0,12,120.0,14.0,0.19649122807017544
2025-04-16,16,Apr,College Gym,71.25,Bulk,Cable Rear Delts,Shoulders,10.0,12,120.0,14.0,0.19649122807017544
2025-04-16,16,Apr,College Gym,71.25,Bulk,Cable Rear Delts,Shoulders,10.0,12,120.0,14.0,0.19649122807017544
2025-04-16,16,Apr,College Gym,71.25,Bulk,Lateral Raises,Shoulders,10.0,7,70.0,12.333333333333334,0.17309941520467836
2025-04-16,16,Apr,College Gym,71.25,Bulk,Lateral Raises,Shoulders,7.5,15,112.5,11.25,0.15789473684210525
2025-04-16,16,Apr,College Gym,71.25,Bulk,Lateral Raises,Shoulders,7.5,13,97.5,10.75,0.15087719298245614
2025-04-19,16,Apr,College Gym,70.75,Bulk,Preacher Curls Barbell,Biceps,7.5,6,45.0,9.0,0.127208480565371
2025-04-19,16,Apr,College Gym,70.75,Bulk,Preacher Curls Barbell,Biceps,5.0,15,75.0,7.5,0.10600706713780919
2025-04-19,16,Apr,College Gym,70.75,Bulk,Preacher Curls Barbell,Biceps,5.0,11,55.0,6.833333333333334,0.09658421672555949
2025-04-19,16,Apr,College Gym,70.75,Bulk,Hammer Curls,Biceps,12.5,9,112.5,16.25,0.22968197879858657
2025-04-19,16,Apr,College Gym,70.75,Bulk,Hammer Curls,Biceps,12.5,10,125.0,16.666666666666664,0.2355712603062426
2025-04-19,16,Apr,College Gym,70.75,Bulk,Hammer Curls,Biceps,12.5,10,125.0,16.666666666666664,0.2355712603062426
2025-04-19,16,Apr,College Gym,70.75,Bulk,Incline Curls,Biceps,7.5,12,90.0,10.5,0.14840989399293286
2025-04-19,16,Apr,College Gym,70.75,Bulk,Incline Curls,Biceps,7.5,11,82.5,10.25,0.14487632508833923
2025-04-19,16,Apr,College Gym,70.75,Bulk,Incline Dumbbell Press,Chest,20.0,7,140.0,24.666666666666668,0.34864546525323914
2025-04-19,16,Apr,College Gym,70.75,Bulk,Incline Dumbbell Press,Chest,20.0,6,120.0,24.0,0.3392226148409894
2025-04-19,16,Apr,College Gym,70.75,Bulk,Incline Dumbbell Press,Chest,17.5,9,157.5,22.75,0.3215547703180212
2025-04-19,16,Apr,College Gym,70.75,Bulk,Dumbbell Press,Chest,17.5,9,157.5,22.75,0.3215547703180212
2025-04-19,16,Apr,College Gym,70.75,Bulk,Dumbbell Press,Chest,17.5,8,140.0,22.166666666666664,0.31330977620730266
2025-04-19,16,Apr,College Gym,70.75,Bulk,Cable Fly,Chest,25.0,11,275.0,34.166666666666664,0.4829210836277974
2025-04-19,16,Apr,College Gym,70.75,Bulk,Cable Fly,Chest,25.0,8,200.0,31.666666666666664,0.447585394581861
2025-04-21,17,Apr,College Gym,70.1,Bulk,Single Arm Overhead Tricep Extension,Triceps,10.0,12,120.0,14.0,0.19971469329529246
2025-04-21,17,Apr,College Gym,70.1,Bulk,Single Arm Overhead Tricep Extension,Triceps,10.0,10,100.0,13.333333333333332,0.1902044698050404
2025-04-21,17,Apr,College Gym,70.1,Bulk,Single Arm Overhead Tricep Extension,Triceps,10.0,7,70.0,12.333333333333334,0.1759391345696624
2025-04-21,17,Apr,College Gym,70.1,Bulk,Tricep Rope Pushdown,Triceps,30.0,15,450.0,45.0,0.6419400855920114
2025-04-21,17,Apr,College Gym,70.1,Bulk,Tricep Rope Pushdown,Triceps,37.5,13,487.5,53.75,0.7667617689015692
2025-04-21,17,Apr,College Gym,70.1,Bulk,Tricep Rope Pushdown,Triceps,37.5,12,450.0,52.5,0.7489300998573467
2025-04-21,17,Apr,College Gym,70.1,Bulk,Tricep Rope Pushdown,Triceps,37.5,11,412.5,51.25,0.7310984308131242
2025-04-21,17,Apr,College Gym,70.1,Bulk,Barbell Rowing,Back,17.5,8,140.0,22.166666666666664,0.31621493105087967
2025-04-21,17,Apr,College Gym,70.1,Bulk,Barbell Rowing,Back,17.5,8,140.0,22.166666666666664,0.31621493105087967
2025-04-21,17,Apr,College Gym,70.1,Bulk,Barbell Rowing,Back,17.5,7,122.5,21.583333333333336,0.30789348549690926
2025-04-21,17,Apr,College Gym,70.1,Bulk,Mag Grip Pulldown,Back,45.0,11,495.0,61.5,0.877318116975749
2025-04-21,17,Apr,College Gym,70.1,Bulk,Mag Grip Pulldown,Back,45.0,11,495.0,61.5,0.877318116975749
2025-04-21,17,Apr,College Gym,70.1,Bulk,Mag Grip Pulldown,Back,45.0,7,315.0,55.5,0.7917261055634808
2025-04-21,17,Apr,College Gym,70.1,Bulk,Chest Supported Dumbbell Rows,Back,15.0,10,150.0,20.0,0.28530670470756064
2025-04-21,17,Apr,College Gym,70.1,Bulk,Chest Supported Dumbbell Rows,Back,15.0,9,135.0,19.5,0.27817403708987165
2025-04-22,17,Apr,College Gym,69.95,Bulk,Closegrip Benchpress Ez Bar,Triceps,15.0,9,135.0,19.5,0.2787705503931379
2025-04-22,17,Apr,College Gym,69.95,Bulk,Closegrip Benchpress Ez Bar,Triceps,15.0,9,135.0,19.5,0.2787705503931379
2025-04-22,17,Apr,College Gym,69.95,Bulk,Closegrip Benchpress Ez Bar,Triceps,15.0,7,105.0,18.5,0.2644746247319514
2025-04-22,17,Apr,College Gym,69.95,Bulk,Closegrip Benchpress Ez Bar,Triceps,15.0,8,120.0,19.0,0.27162258756254465
2025-04-22,17,Apr,College Gym,69.95,Bulk,Chest Supported Lateral Raises,Shoulders,7.5,12,90.0,10.5,0.1501072194424589
2025-04-22,17,Apr,College Gym,69.95,Bulk,Chest Supported Lateral Raises,Shoulders,7.5,10,75.0,10.0,0.14295925661186562
2025-04-22,17,Apr,College Gym,69.95,Bulk,Chest Supported Lateral Raises,Shoulders,7.5,10,75.0,10.0,0.14295925661186562
2025-04-22,17,Apr,College Gym,69.95,Bulk,Chest Supported Lateral Raises,Shoulders,7.5,10,75.0,10.0,0.14295925661186562
2025-04-22,17,Apr,College Gym,69.95,Bulk,Preacher Curl Dumbbell,Biceps,10.0,8,80.0,12.666666666666666,0.18108172504169642
2025-04-22,17,Apr,College Gym,69.95,Bulk,Preacher Curl Dumbbell,Biceps,10.0,9,90.0,13.0,0.1858470335954253
2025-04-22,17,Apr,College Gym,69.95,Bulk,Preacher Curl Dumbbell,Biceps,10.0,8,80.0,12.666666666666666,0.18108172504169642
2025-04-26,17,Apr,College Gym,70.45,Bulk,Dumbbell Press,Chest,17.5,11,192.5,23.916666666666668,0.3394842678022238
2025-04-26,17,Apr,College Gym,70.45,Bulk,Dumbbell Press,Chest,17.5,9,157.5,22.75,0.32292405961674947
2025-04-26,17,Apr,College Gym,70.45,Bulk,Dumbbell Press,Chest,17.5,9,157.5,22.75,0.32292405961674947
2025-04-26,17,Apr,College Gym,70.45,Bulk,Squats,Legs,32.5,8,260.0,41.166666666666664,0.5843387745445943
2025-04-26,17,Apr,College Gym,70.45,Bulk,Squats,Legs,32.5,7,227.5,40.083333333333336,0.5689614383723681
2025-04-26,17,Apr,College Gym,70.45,Bulk,Squats,Legs,30.0,6,180.0,36.0,0.5110007097232079
2025-04-26,17,Apr,College Gym,70.45,Bulk,Chest Supported Lateral Raises,Shoulders,7.5,13,97.5,10.75,0.15259048970901348
2025-04-26,17,Apr,College Gym,70.45,Bulk,Chest Supported Lateral Raises,Shoulders,7.5,11,82.5,10.25,0.14549325762952448
2025-04-26,17,Apr,College Gym,70.45,Bulk,Chest Supported Lateral Raises,Shoulders,7.5,10,75.0,10.0,0.14194464158977999
2025-04-26,17,Apr,College Gym,70.45,Bulk,Preacher Curls Barbell,Biceps,7.5,7,52.5,9.25,0.1312987934705465
2025-04-26,17,Apr,College Gym,70.45,Bulk,Preacher Curls Barbell,Biceps,5.0,10,50.0,6.666666666666666,0.09462976105985331
2025-04-26,17,Apr,College Gym,70.45,Bulk,Preacher Curls Barbell,Biceps,5.0,10,50.0,6.666666666666666,0.09462976105985331
2025-04-26,17,Apr,College Gym,70.45,Bulk,Tricep Rope Pushdown,Triceps,37.5,17,637.5,58.75,0.8339247693399574
2025-04-26,17,Apr,College Gym,70.45,Bulk,Tricep Rope Pushdown,Triceps,45.0,6,270.0,54.0,0.7665010645848119
2025-04-26,17,Apr,College Gym,70.45,Bulk,Tricep Rope Pushdown,Triceps,37.5,12,450.0,52.5,0.7452093683463449
2025-04-26,17,Apr,College Gym,70.45,Bulk,Mag Grip Pulldown,Back,45.0,11,495.0,61.5,0.8729595457771469
2025-04-26,17,Apr,College Gym,70.45,Bulk,Mag Grip Pulldown,Back,45.0,9,405.0,58.5,0.8303761533002129
2025-04-26,17,Apr,College Gym,70.45,Bulk,Mag Grip Pulldown,Back,45.0,6,270.0,54.0,0.7665010645848119
2025-05-02,18,May,College Gym,71.3,Bulk,Incline Dumbbell Press,Chest,20.0,7,140.0,24.666666666666668,0.34595605423094905
2025-05-02,18,May,College Gym,71.3,Bulk,Incline Dumbbell Press,Chest,20.0,7,140.0,24.666666666666668,0.34595605423094905
2025-05-02,18,May,College Gym,71.3,Bulk,Incline Dumbbell Press,Chest,20.0,6,120.0,24.0,0.33660589060308554
2025-05-02,18,May,College Gym,71.3,Bulk,Dumbbell Press,Chest,20.0,5,100.0,23.333333333333336,0.3272557269752221
2025-05-02,18,May,College Gym,71.3,Bulk,Dumbbell Press,Chest,20.0,3,60.0,22.0,0.3085553997194951
2025-05-02,18,May,College Gym,71.3,Bulk,Dumbbell Press,Chest,17.5,7,122.5,21.583333333333336,0.30271154745208045
2025-05-02,18,May,College Gym,71.3,Bulk,Dumbbell Press Fly,Chest,7.5,9,67.5,9.75,0.13674614305750352
2025-05-02,18,May,College Gym,71.3,Bulk,Dumbbell Press Fly,Chest,7.5,7,52.5,9.25,0.1297335203366059
2025-05-02,18,May,College Gym,71.3,Bulk,Dumbbell Press Fly,Chest,7.5,7,52.5,9.25,0.1297335203366059
2025-05-02,18,May,College Gym,71.3,Bulk,Preacher Curl Dumbbell,Biceps,10.0,12,120.0,14.0,0.19635343618513323
2025-05-02,18,May,College Gym,71.3,Bulk,Preacher Curl Dumbbell,Biceps,10.0,10,100.0,13.333333333333332,0.18700327255726976
2025-05-02,18,May,College Gym,71.3,Bulk,Preacher Curl Dumbbell,Biceps,10.0,7,70.0,12.333333333333334,0.17297802711547453
2025-05-02,18,May,College Gym,71.3,Bulk,Hammer Curls,Biceps,12.5,11,137.5,17.083333333333332,0.23959794296400186
2025-05-02,18,May,College Gym,71.3,Bulk,Hammer Curls,Biceps,12.5,9,112.5,16.25,0.22791023842917252
2025-05-06,19,May,College Gym,71.95,Bulk,Single Arm Overhead Tricep Extension,Triceps,10.0,12,120.0,14.0,0.19457956914523974
2025-05-06,19,May,College Gym,71.95,Bulk,Single Arm Overhead Tricep Extension,Triceps,10.0,8,80.0,12.666666666666666,0.17604818160759786
2025-05-06,19,May,College Gym,71.95,Bulk,Single Arm Overhead Tricep Extension,Triceps,10.0,8,80.0,12.666666666666666,0.17604818160759786
2025-05-06,19,May,College Gym,71.95,Bulk,Tricep Rope Pushdown,Triceps,45.0,5,225.0,52.5,0.729673384294649
2025-05-06,19,May,College Gym,71.95,Bulk,Tricep Rope Pushdown,Triceps,37.5,12,450.0,52.5,0.729673384294649
2025-05-06,19,May,College Gym,71.95,Bulk,Tricep Rope Pushdown,Triceps,37.5,11,412.5,51.25,0.7123002084781098
2025-05-06,19,May,College Gym,71.95,Bulk,V Bar Pulldown,Back,45.0,10,450.0,60.0,0.8339124391938846
2025-05-06,19,May,College Gym,71.95,Bulk,V Bar Pulldown,Back,45.0,9,405.0,58.5,0.8130646282140375
2025-05-06,19,May,College Gym,71.95,Bulk,V Bar Pulldown,Back,45.0,9,405.0,58.5,0.8130646282140375
2025-05-06,19,May,College Gym,71.95,Bulk,Barbell Rowing,Back,15.0,8,120.0,19.0,0.2640722724113968
2025-05-06,19,May,College Gym,71.95,Bulk,Barbell Rowing,Back,15.0,9,135.0,19.5,0.2710215427380125
2025-05-06,19,May,College Gym,71.95,Bulk,Barbell Rowing,Back,15.0,7,105.0,18.5,0.25712300208478106
2025-05-06,19,May,College Gym,71.95,Bulk,Chest Supported Dumbbell Rows,Back,15.0,13,195.0,21.5,0.29881862404447534
2025-05-06,19,May,College Gym,71.95,Bulk,Chest Supported Dumbbell Rows,Back,15.0,11,165.0,20.5,0.2849200833912439
2025-05-06,19,May,College Gym,71.95,Bulk,Chest Supported Dumbbell Rows,Back,15.0,11,165.0,20.5,0.2849200833912439
2025-05-10,19,May,College Gym,71.82,Bulk,Bulgarian Split Squats,Legs,7.5,8,60.0,9.5,0.1322751322751323
2025-05-10,19,May,College Gym,71.82,Bulk,Bulgarian Split Squats,Legs,7.5,6,45.0,9.0,0.12531328320802007
2025-05-10,19,May,College Gym,71.82,Bulk,Bulgarian Split Squats,Legs,7.5,6,45.0,9.0,0.12531328320802007
2025-05-10,19,May,College Gym,71.82,Bulk,Leg Extension,Legs,60.0,10,600.0,80.0,1.1138958507379562
2025-05-10,19,May,College Gym,71.82,Bulk,Leg Extension,Legs,60.0,10,600.0,80.0,1.1138958507379562
2025-05-10,19,May,College Gym,71.82,Bulk,Leg Extension,Legs,60.0,11,660.0,82.0,1.141743247006405
2025-05-10,19,May,College Gym,71.82,Bulk,Chest Supported Lateral Raises,Shoulders,7.5,12,90.0,10.5,0.14619883040935674
2025-05-10,19,May,College Gym,71.82,Bulk,Chest Supported Lateral Raises,Shoulders,7.5,12,90.0,10.5,0.14619883040935674
2025-05-10,19,May,College Gym,71.82,Bulk,Chest Supported Lateral Raises,Shoulders,7.5,8,60.0,9.5,0.1322751322751323
2025-05-12,20,May,College Gym,72.35,Bulk,Incline Dumbbell Press,Chest,20.0,9,180.0,26.0,0.35936420179682105
2025-05-12,20,May,College Gym,72.35,Bulk,Incline Dumbbell Press,Chest,20.0,5,100.0,23.333333333333336,0.32250633494586506
2025-05-12,20,May,College Gym,72.35,Bulk,Incline Dumbbell Press,Chest,20.0,5,100.0,23.333333333333336,0.32250633494586506
2025-05-12,20,May,College Gym,72.35,Bulk,Dumbbell Press,Chest,20.0,6,120.0,24.0,0.331720801658604
2025-05-12,20,May,College Gym,72.35,Bulk,Dumbbell Press,Chest,20.0,4,80.0,22.666666666666664,0.313291868233126
2025-05-12,20,May,College Gym,72.35,Bulk,Dumbbell Press,Chest,17.5,9,157.5,22.75,0.3144436765722184
2025-05-12,20,May,College Gym,72.35,Bulk,Dumbbell Fly,Chest,7.5,9,67.5,9.75,0.1347615756738079
2025-05-12,20,May,College Gym,72.35,Bulk,Dumbbell Fly,Chest,7.5,9,67.5,9.75,0.1347615756738079
2025-05-12,20,May,College Gym,72.35,Bulk,Preacher Curl Dumbbell,Biceps,10.0,14,140.0,14.666666666666668,0.20271826768025802
2025-05-12,20,May,College Gym,72.35,Bulk,Preacher Curl Dumbbell,Biceps,10.0,12,120.0,14.0,0.193503800967519
2025-05-12,20,May,College Gym,72.35,Bulk,Preacher Curl Dumbbell,Biceps,10.0,10,100.0,13.333333333333332,0.18428933425478
2025-05-12,20,May,College Gym,72.35,Bulk,Hammer Curls,Biceps,12.5,12,150.0,17.5,0.24187975120939878
2025-05-12,20,May,College Gym,72.35,Bulk,Hammer Curls,Biceps,12.5,10,125.0,16.666666666666664,0.230361667818475
2025-05-12,20,May,College Gym,72.35,Bulk,Hammer Curls,Biceps,12.5,9,112.5,16.25,0.22460262612301315
2025-05-15,20,May,College Gym,72.3,Bulk,Single Arm Overhead Tricep Extension,Triceps,10.0,10,100.0,13.333333333333332,0.18441678192715535
2025-05-15,20,May,College Gym,72.3,Bulk,Single Arm Overhead Tricep Extension,Triceps,10.0,9,90.0,13.0,0.1798063623789765
2025-05-15,20,May,College Gym,72.3,Bulk,Single Arm Overhead Tricep Extension,Triceps,10.0,6,60.0,12.0,0.16597510373443983
2025-05-15,20,May,College Gym,72.3,Bulk,Tricep Rope Pushdown,Triceps,45.0,8,360.0,57.0,0.7883817427385893
2025-05-15,20,May,College Gym,72.3,Bulk,Tricep Rope Pushdown,Triceps,37.5,14,525.0,55.00000000000001,0.760719225449516
2025-05-15,20,May,College Gym,72.3,Bulk,Tricep Rope Pushdown,Triceps,37.5,15,562.5,56.25,0.7780082987551867
2025-05-15,20,May,College Gym,72.3,Bulk,V Bar Pulldown,Back,45.0,13,585.0,64.5,0.8921161825726142
2025-05-15,20,May,College Gym,72.3,Bulk,V Bar Pulldown,Back,45.0,11,495.0,61.5,0.8506224066390042
2025-05-15,20,May,College Gym,72.3,Bulk,V Bar Pulldown,Back,45.0,10,450.0,60.0,0.8298755186721992
2025-05-15,20,May,College Gym,72.3,Bulk,Chest Supported Dumbbell Rows,Back,15.0,15,225.0,22.5,0.3112033195020747
2025-05-15,20,May,College Gym,72.3,Bulk,Chest Supported Dumbbell Rows,Back,15.0,11,165.0,20.5,0.2835408022130014
2025-05-15,20,May,College Gym,72.3,Bulk,Chest Supported Dumbbell Rows,Back,15.0,12,180.0,21.0,0.29045643153526973
2025-05-16,20,May,College Gym,72.6,Bulk,Bulgarian Split Squats,Legs,7.5,10,75.0,10.0,0.13774104683195593
2025-05-16,20,May,College Gym,72.6,Bulk,Bulgarian Split Squats,Legs,10.0,10,100.0,13.333333333333332,0.18365472910927455
2025-05-16,20,May,College Gym,72.6,Bulk,Bulgarian Split Squats,Legs,12.5,8,100.0,15.833333333333332,0.21808999081726355
2025-05-16,20,May,College Gym,72.6,Bulk,Leg Extension,Legs,60.0,11,660.0,82.0,1.1294765840220387
2025-05-16,20,May,College Gym,72.6,Bulk,Leg Extension,Legs,60.0,11,660.0,82.0,1.1294765840220387
2025-05-16,20,May,College Gym,72.6,Bulk,Leg Extension,Legs,60.0,10,600.0,80.0,1.1019283746556474
2025-05-16,20,May,College Gym,72.6,Bulk,Chest Supported Lateral Raises,Shoulders,7.5,13,97.5,10.75,0.14807162534435264
2025-05-16,20,May,College Gym,72.6,Bulk,Chest Supported Lateral Raises,Shoulders,7.5,13,97.5,10.75,0.14807162534435264
2025-05-16,20,May,College Gym,72.6,Bulk,Chest Supported Lateral Raises,Shoulders,7.5,13,97.5,10.75,0.14807162534435264
2025-05-16,20,May,College Gym,72.6,Bulk,Dumbbell Romanian Deadlift,Legs,15.0,11,165.0,20.5,0.28236914600550966
2025-05-16,20,May,College Gym,72.6,Bulk,Dumbbell Romanian Deadlift,Legs,20.0,11,220.0,27.333333333333336,0.3764921946740129
2025-05-16,20,May,College Gym,72.6,Bulk,Dumbbell Romanian Deadlift,Legs,20.0,10,200.0,26.666666666666664,0.3673094582185491
2025-05-16,20,May,College Gym,72.6,Bulk,Rear Delt Fly Cable,Shoulders,10.0,13,130.0,14.333333333333334,0.19742883379247017
2025-05-16,20,May,College Gym,72.6,Bulk,Rear Delt Fly Cable,Shoulders,10.0,12,120.0,14.0,0.1928374655647383
2025-05-16,20,May,College Gym,72.6,Bulk,Rear Delt Fly Cable,Shoulders,10.0,12,120.0,14.0,0.1928374655647383
2025-05-19,21,May,College Gym,72.9,Bulk,Incline Dumbbell Press,Chest,20.0,9,180.0,26.0,0.3566529492455418
2025-05-19,21,May,College Gym,72.9,Bulk,Incline Dumbbell Press,Chest,20.0,7,140.0,24.666666666666668,0.33836305441243714
2025-05-19,21,May,College Gym,72.9,Bulk,Incline Dumbbell Press,Chest,20.0,4,80.0,22.666666666666664,0.31092821216278
2025-05-19,21,May,College Gym,72.9,Bulk,Dumbbell Press,Chest,20.0,6,120.0,24.0,0.3292181069958848
2025-05-19,21,May,College Gym,72.9,Bulk,Dumbbell Press,Chest,20.0,5,100.0,23.333333333333336,0.3200731595793324
2025-05-19,21,May,College Gym,72.9,Bulk,Dumbbell Press,Chest,17.5,7,122.5,21.583333333333336,0.2960676726108825
2025-05-19,21,May,College Gym,72.9,Bulk,Preacher Curl Dumbbell,Biceps,12.5,8,100.0,15.833333333333332,0.2171925011431184
2025-05-19,21,May,College Gym,72.9,Bulk,Preacher Curl Dumbbell,Biceps,10.0,10,100.0,13.333333333333332,0.18289894833104706
2025-05-19,21,May,College Gym,72.9,Bulk,Preacher Curl Dumbbell,Biceps,10.0,10,100.0,13.333333333333332,0.18289894833104706
2025-05-19,21,May,College Gym,72.9,Bulk,Preacher Curl Dumbbell,Biceps,10.0,9,90.0,13.0,0.1783264746227709
2025-05-19,21,May,College Gym,72.9,Bulk,Cable Fly,Chest,25.0,10,250.0,33.33333333333333,0.4572473708276176
2025-05-19,21,May,College Gym,72.9,Bulk,Cable Fly,Chest,25.0,10,250.0,33.33333333333333,0.4572473708276176
2025-05-19,21,May,College Gym,72.9,Bulk,Cable Fly,Chest,25.0,9,225.0,32.5,0.4458161865569273
2025-05-19,21,May,College Gym,72.9,Bulk,Hammer Curls,Biceps,15.0,6,90.0,18.0,0.24691358024691357
2025-05-19,21,May,College Gym,72.9,Bulk,Hammer Curls,Biceps,12.5,12,150.0,17.5,0.2400548696844993
2025-05-19,21,May,College Gym,72.9,Bulk,Hammer Curls,Biceps,12.5,9,112.5,16.25,0.22290809327846364
2025-05-19,21,May,College Gym,72.9,Bulk,Hammer Curls,Biceps,12.5,9,112.5,16.25,0.22290809327846364
2025-05-20,21,May,College Gym,73.0,Bulk,Single Arm Overhead Tricep Extension,Triceps,10.0,11,110.0,13.666666666666668,0.18721461187214614
2025-05-20,21,May,College Gym,73.0,Bulk,Single Arm Overhead Tricep Extension,Triceps,10.0,12,120.0,14.0,0.1917808219178082
2025-05-20,21,May,College Gym,73.0,Bulk,Single Arm Overhead Tricep Extension,Triceps,10.0,10,100.0,13.333333333333332,0.182648401826484
2025-05-20,21,May,College Gym,73.0,Bulk,Single Arm Overhead Tricep Extension,Triceps,10.0,9,90.0,13.0,0.1780821917808219
2025-05-20,21,May,College Gym,73.0,Bulk,Tricep Rope Pushdown,Triceps,45.0,6,270.0,54.0,0.7397260273972602
2025-05-20,21,May,College Gym,73.0,Bulk,Tricep Rope Pushdown,Triceps,37.5,15,562.5,56.25,0.7705479452054794
2025-05-20,21,May,College Gym,73.0,Bulk,Tricep Rope Pushdown,Triceps,37.5,14,525.0,55.00000000000001,0.7534246575342467
2025-05-20,21,May,College Gym,73.0,Bulk,Tricep Rope Pushdown,Triceps,37.5,15,562.5,56.25,0.7705479452054794
2025-05-20,21,May,College Gym,73.0,Bulk,Barbell Rowing,Back,15.0,10,150.0,20.0,0.273972602739726
2025-05-20,21,May,College Gym,73.0,Bulk,Barbell Rowing,Back,15.0,9,135.0,19.5,0.2671232876712329
2025-05-20,21,May,College Gym,73.0,Bulk,V Bar Pulldown,Back,50.0,9,450.0,65.0,0.8904109589041096
2025-05-20,21,May,College Gym,73.0,Bulk,V Bar Pulldown,Back,50.0,8,400.0,63.33333333333333,0.867579908675799
2025-05-20,21,May,College Gym,73.0,Bulk,V Bar Pulldown,Back,50.0,9,450.0,65.0,0.8904109589041096
2025-05-20,21,May,College Gym,73.0,Bulk,Chest Supported Dumbbell Rows,Back,17.5,9,157.5,22.75,0.3116438356164384
2025-05-20,21,May,College Gym,73.0,Bulk,Chest Supported Dumbbell Rows,Back,17.5,8,140.0,22.166666666666664,0.30365296803652964
2025-05-20,21,May,College Gym,73.0,Bulk,Cable Crunches,Core,75.0,8,600.0,95.0,1.3013698630136987
2025-05-20,21,May,College Gym,73.0,Bulk,Cable Crunches,Core,75.0,8,600.0,95.0,1.3013698630136987
2025-05-20,21,May,College Gym,73.0,Bulk,Cable Crunches,Core,67.5,10,675.0,90.0,1.2328767123287672
2025-05-22,21,May,College Gym,72.7,Bulk,Bulgarian Split Squats,Legs,12.5,9,112.5,16.25,0.2235213204951857
2025-05-22,21,May,College Gym,72.7,Bulk,Bulgarian Split Squats,Legs,12.5,8,100.0,15.833333333333332,0.2177900045850527
2025-05-22,21,May,College Gym,72.7,Bulk,Bulgarian Split Squats,Legs,12.5,7,87.5,15.416666666666668,0.21205868867491978
2025-05-22,21,May,College Gym,72.7,Bulk,Leg Extension,Legs,60.0,15,900.0,90.0,1.2379642365887207
2025-05-22,21,May,College Gym,72.7,Bulk,Leg Extension,Legs,60.0,12,720.0,84.0,1.155433287482806
2025-05-22,21,May,College Gym,72.7,Bulk,Leg Extension,Legs,60.0,10,600.0,80.0,1.1004126547455295
2025-05-22,21,May,College Gym,72.7,Bulk,Chest Supported Lateral Raises,Shoulders,7.5,15,112.5,11.25,0.15474552957359008
2025-05-22,21,May,College Gym,72.7,Bulk,Chest Supported Lateral Raises,Shoulders,10.0,6,60.0,12.0,0.16506189821182943
2025-05-22,21,May,College Gym,72.7,Bulk,Chest Supported Lateral Raises,Shoulders,7.5,13,97.5,10.75,0.14786795048143053
2025-05-22,21,May,College Gym,72.7,Bulk,Chest Supported Lateral Raises,Shoulders,7.5,10,75.0,10.0,0.1375515818431912
2025-05-22,21,May,College Gym,72.7,Bulk,Dumbbell Romanian Deadlift,Legs,20.0,11,220.0,27.333333333333336,0.3759743237047226
2025-05-22,21,May,College Gym,72.7,Bulk,Dumbbell Romanian Deadlift,Legs,25.0,9,225.0,32.5,0.4470426409903714
2025-05-22,21,May,College Gym,72.7,Bulk,Dumbbell Romanian Deadlift,Legs,25.0,10,250.0,33.33333333333333,0.45850527281063724
2025-05-22,21,May,College Gym,72.7,Bulk,Rear Delt Fly Cable,Shoulders,10.0,15,150.0,15.0,0.2063273727647868
2025-05-22,21,May,College Gym,72.7,Bulk,Rear Delt Fly Cable,Shoulders,10.0,12,120.0,14.0,0.19257221458046767
2025-05-22,21,May,College Gym,72.7,Bulk,Rear Delt Fly Cable,Shoulders,10.0,12,120.0,14.0,0.19257221458046767
2025-05-23,21,May,College Gym,72.95,Bulk,Closegrip Benchpress Ez Bar,Triceps,15.0,8,120.0,19.0,0.26045236463331045
2025-05-23,21,May,College Gym,72.95,Bulk,Closegrip Benchpress Ez Bar,Triceps,15.0,9,135.0,19.5,0.2673063742289239
2025-05-23,21,May,College Gym,72.95,Bulk,Closegrip Benchpress Ez Bar,Triceps,15.0,9,135.0,19.5,0.2673063742289239
2025-05-23,21,May,College Gym,72.95,Bulk,Tricep Rope Pushdown,Triceps,45.0,7,315.0,55.5,0.7607950651130911
2025-05-23,21,May,College Gym,72.95,Bulk,Tricep Rope Pushdown,Triceps,37.5,16,600.0,57.49999999999999,0.7882111034955448
2025-05-23,21,May,College Gym,72.95,Bulk,Tricep Rope Pushdown,Triceps,45.0,8,360.0,57.0,0.7813570938999315
2025-05-23,21,May,College Gym,72.95,Bulk,Hammer Curls,Biceps,15.0,9,135.0,19.5,0.2673063742289239
2025-05-23,21,May,College Gym,72.95,Bulk,Hammer Curls,Biceps,15.0,8,120.0,19.0,0.26045236463331045
2025-05-23,21,May,College Gym,72.95,Bulk,Hammer Curls,Biceps,15.0,9,135.0,19.5,0.2673063742289239
2025-05-23,21,May,College Gym,72.95,Bulk,Incline Curls,Biceps,10.0,10,100.0,13.333333333333332,0.18277358921635822
2025-05-23,21,May,College Gym,72.95,Bulk,Incline Curls,Biceps,10.0,9,90.0,13.0,0.17820424948594926
2025-05-23,21,May,College Gym,72.95,Bulk,Incline Curls,Biceps,10.0,7,70.0,12.333333333333334,0.16906557002513137
2025-05-24,21,May,College Gym,73.0,Bulk,Dumbbell Press,Chest,20.0,9,180.0,26.0,0.3561643835616438
2025-05-24,21,May,College Gym,73.0,Bulk,Dumbbell Press,Chest,20.0,5,100.0,23.333333333333336,0.31963470319634707
2025-05-24,21,May,College Gym,73.0,Bulk,V Bar Pulldown,Back,55.0,8,440.0,69.66666666666666,0.9543378995433789
2025-05-24,21,May,College Gym,73.0,Bulk,V Bar Pulldown,Back,55.0,7,385.0,67.83333333333334,0.9292237442922375
2025-05-24,21,May,College Gym,73.0,Bulk,Leg Curl,Legs,15.0,8,120.0,19.0,0.2602739726027397
2025-05-24,21,May,College Gym,73.0,Bulk,Leg Curl,Legs,20.0,7,140.0,24.666666666666668,0.33789954337899547
2025-05-24,21,May,College Gym,73.0,Bulk,Cable Lateral Raises,Shoulders,10.0,10,100.0,13.333333333333332,0.182648401826484
2025-05-24,21,May,College Gym,73.0,Bulk,Cable Lateral Raises,Shoulders,10.0,10,100.0,13.333333333333332,0.182648401826484
2025-05-24,21,May,College Gym,73.0,Bulk,Face Pull,Shoulders,37.5,10,375.0,50.0,0.684931506849315
2025-05-24,21,May,College Gym,73.0,Bulk,Face Pull,Shoulders,37.5,13,487.5,53.75,0.7363013698630136
2025-05-24,21,May,College Gym,73.0,Bulk,Face Pull,Shoulders,37.5,13,487.5,53.75,0.7363013698630136
2025-05-24,21,May,College Gym,73.0,Bulk,Cable Crunches,Core,75.0,15,1125.0,112.5,1.5410958904109588
2025-05-24,21,May,College Gym,73.0,Bulk,Cable Crunches,Core,75.0,14,1050.0,110.00000000000001,1.5068493150684934
2025-05-24,21,May,College Gym,73.0,Bulk,Cable Crunches,Core,75.0,10,750.0,100.0,1.36986301369863
2025-05-26,22,May,College Gym,73.4,Bulk,Incline Dumbbell Press,Chest,20.0,9,180.0,26.0,0.35422343324250677
2025-05-26,22,May,College Gym,73.4,Bulk,Incline Dumbbell Press,Chest,20.0,8,160.0,25.333333333333332,0.3451407811080835
2025-05-26,22,May,College Gym,73.4,Bulk,Incline Dumbbell Press,Chest,20.0,6,120.0,24.0,0.32697547683923706
2025-05-26,22,May,College Gym,73.4,Bulk,Dumbbell Press,Chest,20.0,7,140.0,24.666666666666668,0.3360581289736603
2025-05-26,22,May,College Gym,73.4,Bulk,Dumbbell Press,Chest,20.0,5,100.0,23.333333333333336,0.31789282470481384
2025-05-26,22,May,College Gym,73.4,Bulk,Dumbbell Press,Chest,17.5,7,122.5,21.583333333333336,0.29405086285195275
2025-05-26,22,May,College Gym,73.4,Bulk,Cable Fly,Chest,25.0,12,300.0,35.0,0.47683923705722064
2025-05-26,22,May,College Gym,73.4,Bulk,Cable Fly,Chest,25.0,11,275.0,34.166666666666664,0.4654859218891916
2025-05-26,22,May,College Gym,73.4,Bulk,Cable Fly,Chest,25.0,10,250.0,33.33333333333333,0.45413260672116246
2025-05-26,22,May,College Gym,73.4,Bulk,Hammer Curls,Biceps,15.0,10,150.0,20.0,0.2724795640326975
2025-05-26,22,May,College Gym,73.4,Bulk,Hammer Curls,Biceps,15.0,9,135.0,19.5,0.2656675749318801
2025-05-26,22,May,College Gym,73.4,Bulk,Hammer Curls,Biceps,15.0,10,150.0,20.0,0.2724795640326975
2025-05-26,22,May,College Gym,73.4,Bulk,Hammer Curls,Biceps,15.0,9,135.0,19.5,0.2656675749318801
2025-05-26,22,May,College Gym,73.4,Bulk,Preacher Curl Dumbbell,Biceps,10.0,12,120.0,14.0,0.19073569482288827
2025-05-26,22,May,College Gym,73.4,Bulk,Preacher Curl Dumbbell,Biceps,10.0,10,100.0,13.333333333333332,0.181653042688465
2025-05-26,22,May,College Gym,73.4,Bulk,Preacher Curl Dumbbell,Biceps,10.0,8,80.0,12.666666666666666,0.17257039055404175
2025-05-26,22,May,College Gym,73.4,Bulk,Preacher Curl Dumbbell,Biceps,10.0,9,90.0,13.0,0.17711171662125338
2025-05-27,22,May,College Gym,73.55,Bulk,Single Arm Overhead Tricep Extension,Triceps,10.0,14,140.0,14.666666666666668,0.1994108316338092
2025-05-27,22,May,College Gym,73.55,Bulk,Single Arm Overhead Tricep Extension,Triceps,10.0,11,110.0,13.666666666666668,0.18581463856786767
2025-05-27,22,May,College Gym,73.55,Bulk,Single Arm Overhead Tricep Extension,Triceps,10.0,10,100.0,13.333333333333332,0.1812825742125538
2025-05-27,22,May,College Gym,73.55,Bulk,Single Arm Overhead Tricep Extension,Triceps,10.0,7,70.0,12.333333333333334,0.1676863811466123
2025-05-27,22,May,College Gym,73.55,Bulk,Tricep Rope Pushdown,Triceps,45.0,12,540.0,62.99999999999999,0.8565601631543167
2025-05-27,22,May,College Gym,73.55,Bulk,Tricep Rope Pushdown,Triceps,45.0,10,450.0,60.0,0.8157715839564922
2025-05-27,22,May,College Gym,73.55,Bulk,Tricep Rope Pushdown,Triceps,45.0,11,495.0,61.5,0.8361658735554045
2025-05-27,22,May,College Gym,73.55,Bulk,Tricep Rope Pushdown,Triceps,45.0,10,450.0,60.0,0.8157715839564922
2025-05-27,22,May,College Gym,73.55,Bulk,V Bar Pulldown,Back,55.0,7,385.0,67.83333333333334,0.9222750963063677
2025-05-27,22,May,College Gym,73.55,Bulk,V Bar Pulldown,Back,55.0,7,385.0,67.83333333333334,0.9222750963063677
2025-05-27,22,May,College Gym,73.55,Bulk,V Bar Pulldown,Back,55.0,6,330.0,66.0,0.8973487423521415
2025-05-27,22,May,College Gym,73.55,Bulk,Barbell Rowing,Back,15.0,9,135.0,19.5,0.26512576478586
2025-05-27,22,May,College Gym,73.55,Bulk,Barbell Rowing,Back,15.0,10,150.0,20.0,0.27192386131883073
2025-05-27,22,May,College Gym,73.55,Bulk,Chest Supported Dumbbell Rows,Back,17.5,12,210.0,24.5,0.33310673011556763
2025-05-27,22,May,College Gym,73.55,Bulk,Chest Supported Dumbbell Rows,Back,17.5,12,210.0,24.5,0.33310673011556763
2025-05-27,22,May,College Gym,73.55,Bulk,Cable Crunches,Core,75.0,16,1200.0,114.99999999999999,1.5635622025832765
2025-05-27,22,May,College Gym,73.55,Bulk,Cable Crunches,Core,75.0,15,1125.0,112.5,1.529571719918423
2025-05-27,22,May,College Gym,73.55,Bulk,Cable Crunches,Core,75.0,15,1125.0,112.5,1.529571719918423
2025-05-28,22,May,College Gym,73.75,Bulk,Bulgarian Split Squats,Legs,12.5,6,75.0,15.0,0.2033898305084746
2025-05-28,22,May,College Gym,73.75,Bulk,Bulgarian Split Squats,Legs,12.5,7,87.5,15.416666666666668,0.2090395480225989
2025-05-28,22,May,College Gym,73.75,Bulk,Bulgarian Split Squats,Legs,12.5,5,62.5,14.583333333333334,0.1977401129943503
2025-05-28,22,May,College Gym,73.75,Bulk,Leg Curl,Legs,20.0,10,200.0,26.666666666666664,0.36158192090395475
2025-05-28,22,May,College Gym,73.75,Bulk,Leg Curl,Legs,25.0,5,125.0,29.166666666666668,0.3954802259887006
2025-05-28,22,May,College Gym,73.75,Bulk,Leg Curl,Legs,20.0,8,160.0,25.333333333333332,0.34350282485875705
2025-05-28,22,May,College Gym,73.75,Bulk,Leg Extension,Legs,70.0,12,840.0,98.0,1.3288135593220338
2025-05-28,22,May,College Gym,73.75,Bulk,Leg Extension,Legs,70.0,10,700.0,93.33333333333333,1.2655367231638417
2025-05-28,22,May,College Gym,73.75,Bulk,Leg Extension,Legs,70.0,9,630.0,91.0,1.2338983050847459
2025-05-28,22,May,College Gym,73.75,Bulk,Chest Supported Lateral Raises,Shoulders,10.0,7,70.0,12.333333333333334,0.16723163841807911
2025-05-28,22,May,College Gym,73.75,Bulk,Chest Supported Lateral Raises,Shoulders,10.0,7,70.0,12.333333333333334,0.16723163841807911
2025-05-28,22,May,College Gym,73.75,Bulk,Chest Supported Lateral Raises,Shoulders,7.5,15,112.5,11.25,0.15254237288135594
2025-05-28,22,May,College Gym,73.75,Bulk,Chest Supported Lateral Raises,Shoulders,7.5,15,112.5,11.25,0.15254237288135594
2025-05-28,22,May,College Gym,73.75,Bulk,Rear Delt Fly Cable,Shoulders,15.0,12,180.0,21.0,0.2847457627118644
2025-05-28,22,May,College Gym,73.75,Bulk,Rear Delt Fly Cable,Shoulders,15.0,8,120.0,19.0,0.2576271186440678
2025-05-28,22,May,College Gym,73.75,Bulk,Rear Delt Fly Cable,Shoulders,10.0,18,180.0,16.0,0.21694915254237288
2025-05-30,22,May,College Gym,74.65,Bulk,Tricep Rope Pushdown,Triceps,45.0,15,675.0,67.5,0.9042196918955123
2025-05-30,22,May,College Gym,74.65,Bulk,Tricep Rope Pushdown,Triceps,45.0,16,720.0,69.0,0.9243134628265237
2025-05-30,22,May,College Gym,74.65,Bulk,Tricep Rope Pushdown,Triceps,52.5,9,472.5,68.25,0.914266577361018
2025-05-30,22,May,College Gym,74.65,Bulk,Closegrip Dumbbell Press,Triceps,12.5,8,100.0,15.833333333333332,0.21210091538289794
2025-05-30,22,May,College Gym,74.65,Bulk,Closegrip Dumbbell Press,Triceps,12.5,10,125.0,16.666666666666664,0.22326412145568203
2025-05-30,22,May,College Gym,74.65,Bulk,Closegrip Dumbbell Press,Triceps,12.5,12,150.0,17.5,0.23442732752846615
2025-05-30,22,May,College Gym,74.65,Bulk,Hammer Curls,Biceps,15.0,11,165.0,20.5,0.2746148693904889
2025-05-30,22,May,College Gym,74.65,Bulk,Hammer Curls,Biceps,15.0,11,165.0,20.5,0.2746148693904889
2025-05-30,22,May,College Gym,74.65,Bulk,Hammer Curls,Biceps,15.0,10,150.0,20.0,0.26791694574681846
2025-05-30,22,May,College Gym,74.65,Bulk,Incline Curls,Biceps,10.0,9,90.0,13.0,0.174146014735432
2025-05-30,22,May,College Gym,74.65,Bulk,Incline Curls,Biceps,10.0,8,80.0,12.666666666666666,0.16968073230631836
2025-05-30,22,May,College Gym,74.65,Bulk,Incline Curls,Biceps,10.0,7,70.0,12.333333333333334,0.16521544987720474
2025-05-31,22,May,College Gym,75.05,Bulk,Dumbbell Press,Chest,20.0,11,220.0,27.333333333333336,0.36420164334887856
2025-05-31,22,May,College Gym,75.05,Bulk,Dumbbell Press,Chest,20.0,9,180.0,26.0,0.34643570952698205
2025-05-31,22,May,College Gym,75.05,Bulk,Cable Lateral Raises,Shoulders,10.0,13,130.0,14.333333333333334,0.19098378858538753
2025-05-31,22,May,College Gym,75.05,Bulk,Cable Lateral Raises,Shoulders,10.0,11,110.0,13.666666666666668,0.18210082167443928
2025-05-31,22,May,College Gym,75.05,Bulk,Cable Lateral Raises,Shoulders,10.0,11,110.0,13.666666666666668,0.18210082167443928
2025-05-31,22,May,College Gym,75.05,Bulk,Face Pull,Shoulders,37.5,15,562.5,56.25,0.7495003331112592
2025-05-31,22,May,College Gym,75.05,Bulk,Face Pull,Shoulders,45.0,10,450.0,60.0,0.7994670219853431
2025-05-31,22,May,College Gym,75.05,Bulk,Face Pull,Shoulders,45.0,10,450.0,60.0,0.7994670219853431
2025-05-31,22,May,College Gym,75.05,Bulk,V Bar Pulldown,Back,55.0,10,550.0,73.33333333333333,0.9771263602043082
2025-05-31,22,May,College Gym,75.05,Bulk,V Bar Pulldown,Back,55.0,8,440.0,69.66666666666666,0.9282700421940927
2025-06-02,23,Jun,College Gym,74.6,Bulk,Single Arm Overhead Tricep Extension,Triceps,15.0,4,60.0,17.0,0.22788203753351208
2025-06-02,23,Jun,College Gym,74.6,Bulk,Single Arm Overhead Tricep Extension,Triceps,10.0,15,150.0,15.0,0.20107238605898126
2025-06-02,23,Jun,College Gym,74.6,Bulk,Single Arm Overhead Tricep Extension,Triceps,10.0,12,120.0,14.0,0.18766756032171583
2025-06-02,23,Jun,College Gym,74.6,Bulk,Single Arm Overhead Tricep Extension,Triceps,10.0,11,110.0,13.666666666666668,0.1831992850759607
2025-06-02,23,Jun,College Gym,74.6,Bulk,Tricep Rope Pushdown,Triceps,52.5,12,630.0,73.5,0.9852546916890081
2025-06-02,23,Jun,College Gym,74.6,Bulk,Tricep Rope Pushdown,Triceps,52.5,8,420.0,66.5,0.8914209115281502
2025-06-02,23,Jun,College Gym,74.6,Bulk,Tricep Rope Pushdown,Triceps,52.5,7,367.5,64.75,0.8679624664879357
2025-06-02,23,Jun,College Gym,74.6,Bulk,Tricep Rope Pushdown,Triceps,45.0,45,2025.0,112.5,1.5080428954423593
2025-06-02,23,Jun,College Gym,74.6,Bulk,V Bar Pulldown,Back,55.0,10,550.0,73.33333333333333,0.9830205540661305
2025-06-02,23,Jun,College Gym,74.6,Bulk,V Bar Pulldown,Back,55.0,10,550.0,73.33333333333333,0.9830205540661305
2025-06-02,23,Jun,College Gym,74.6,Bulk,V Bar Pulldown,Back,55.0,10,550.0,73.33333333333333,0.9830205540661305
2025-06-02,23,Jun,College Gym,74.6,Bulk,Single Arm Pulldown,Back,30.0,12,360.0,42.0,0.5630026809651475
2025-06-02,23,Jun,College Gym,74.6,Bulk,Single Arm Pulldown,Back,30.0,12,360.0,42.0,0.5630026809651475
2025-06-02,23,Jun,College Gym,74.6,Bulk,Chest Supported Dumbbell Rows,Back,17.5,15,262.5,26.25,0.35187667560321717
2025-06-02,23,Jun,College Gym,74.6,Bulk,Chest Supported Dumbbell Rows,Back,17.5,13,227.5,25.083333333333332,0.3362377122430742
2025-06-02,23,Jun,College Gym,74.6,Bulk,Cable Crunches,Core,82.5,9,742.5,107.25,1.437667560321716
2025-06-02,23,Jun,College Gym,74.6,Bulk,Cable Crunches,Core,75.0,15,1125.0,112.5,1.5080428954423593
2025-06-02,23,Jun,College Gym,74.6,Bulk,Cable Crunches,Core,82.5,6,495.0,99.0,1.3270777479892761
2025-06-03,23,Jun,College Gym,74.8,Bulk,Incline Dumbbell Press,Chest,25.0,3,75.0,27.500000000000004,0.3676470588235295
2025-06-03,23,Jun,College Gym,74.8,Bulk,Incline Dumbbell Press,Chest,20.0,10,200.0,26.666666666666664,0.35650623885918004
2025-06-03,23,Jun,College Gym,74.8,Bulk,Incline Dumbbell Press,Chest,20.0,7,140.0,24.666666666666668,0.32976827094474154
2025-06-03,23,Jun,College Gym,74.8,Bulk,Dumbbell Press,Chest,20.0,9,180.0,26.0,0.34759358288770054
2025-06-03,23,Jun,College Gym,74.8,Bulk,Dumbbell Press,Chest,20.0,9,180.0,26.0,0.34759358288770054
2025-06-03,23,Jun,College Gym,74.8,Bulk,Dumbbell Press,Chest,20.0,7,140.0,24.666666666666668,0.32976827094474154
2025-06-03,23,Jun,College Gym,74.8,Bulk,Cable Fly,Chest,25.0,17,425.0,39.166666666666664,0.5236185383244206
2025-06-03,23,Jun,College Gym,74.8,Bulk,Cable Fly,Chest,30.0,7,210.0,37.0,0.49465240641711233
2025-06-03,23,Jun,College Gym,74.8,Bulk,Cable Fly,Chest,25.0,10,250.0,33.33333333333333,0.445632798573975
2025-06-03,23,Jun,College Gym,74.8,Bulk,Preacher Curl Dumbbell,Biceps,12.5,6,75.0,15.0,0.20053475935828877
2025-06-03,23,Jun,College Gym,74.8,Bulk,Preacher Curl Dumbbell,Biceps,10.0,13,130.0,14.333333333333334,0.1916221033868093
2025-06-03,23,Jun,College Gym,74.8,Bulk,Preacher Curl Dumbbell,Biceps,10.0,8,80.0,12.666666666666666,0.16934046345811052
2025-06-03,23,Jun,College Gym,74.8,Bulk,Preacher Curl Dumbbell,Biceps,10.0,8,80.0,12.666666666666666,0.16934046345811052
2025-06-03,23,Jun,College Gym,74.8,Bulk,Hammer Curls,Biceps,15.0,12,180.0,21.0,0.2807486631016043
2025-06-03,23,Jun,College Gym,74.8,Bulk,Hammer Curls,Biceps,15.0,11,165.0,20.5,0.27406417112299464
2025-06-03,23,Jun,College Gym,74.8,Bulk,Hammer Curls,Biceps,15.0,10,150.0,20.0,0.26737967914438504
2025-06-03,23,Jun,College Gym,74.8,Bulk,Hammer Curls,Biceps,15.0,10,150.0,20.0,0.26737967914438504
2025-06-05,23,Jun,College Gym,74.65,Bulk,Dumbbell Romanian Deadlift,Legs,25.0,11,275.0,34.166666666666664,0.4576914489841482
2025-06-05,23,Jun,College Gym,74.65,Bulk,Dumbbell Romanian Deadlift,Legs,25.0,9,225.0,32.5,0.43536503683858
2025-06-05,23,Jun,College Gym,74.65,Bulk,Dumbbell Romanian Deadlift,Legs,25.0,8,200.0,31.666666666666664,0.4242018307657959
2025-06-05,23,Jun,College Gym,74.65,Bulk,Dumbbell Romanian Deadlift,Legs,25.0,7,175.0,30.833333333333336,0.41303862469301184
2025-06-05,23,Jun,College Gym,74.65,Bulk,Leg Extension,Legs,70.0,14,980.0,102.66666666666667,1.3753069881670015
2025-06-05,23,Jun,College Gym,74.65,Bulk,Leg Extension,Legs,70.0,13,910.0,100.33333333333333,1.3440500111632059
2025-06-05,23,Jun,College Gym,74.65,Bulk,Leg Extension,Legs,70.0,10,700.0,93.33333333333333,1.2502790801518195
2025-06-05,23,Jun,College Gym,74.65,Bulk,Squats,Legs,17.5,12,210.0,24.5,0.3281982585398526
2025-06-05,23,Jun,College Gym,74.65,Bulk,Squats,Legs,22.5,10,225.0,30.0,0.4018754186202277
2025-06-05,23,Jun,College Gym,74.65,Bulk,Chest Supported Lateral Raises,Shoulders,10.0,9,90.0,13.0,0.174146014735432
2025-06-05,23,Jun,College Gym,74.65,Bulk,Chest Supported Lateral Raises,Shoulders,10.0,8,80.0,12.666666666666666,0.16968073230631836
2025-06-05,23,Jun,College Gym,74.65,Bulk,Chest Supported Lateral Raises,Shoulders,10.0,7,70.0,12.333333333333334,0.16521544987720474
2025-06-05,23,Jun,College Gym,74.65,Bulk,Chest Supported Lateral Raises,Shoulders,7.5,14,105.0,11.0,0.14735432016075015
2025-06-05,23,Jun,College Gym,74.65,Bulk,Face Pull,Shoulders,45.0,14,630.0,66.0,0.8841259209645009
2025-06-05,23,Jun,College Gym,74.65,Bulk,Face Pull,Shoulders,52.5,9,472.5,68.25,0.914266577361018
2025-06-05,23,Jun,College Gym,74.65,Bulk,Face Pull,Shoulders,52.5,9,472.5,68.25,0.914266577361018
2025-06-06,23,Jun,College Gym,75.4,Bulk,Tricep Rope Pushdown,Triceps,52.5,11,577.5,71.75,0.9515915119363394
2025-06-06,23,Jun,College Gym,75.4,Bulk,Tricep Rope Pushdown,Triceps,52.5,10,525.0,70.0,0.9283819628647214
2025-06-06,23,Jun,College Gym,75.4,Bulk,Tricep Rope Pushdown,Triceps,52.5,10,525.0,70.0,0.9283819628647214
2025-06-06,23,Jun,College Gym,75.4,Bulk,Closegrip Dumbbell Press,Triceps,15.0,10,150.0,20.0,0.2652519893899204
2025-06-06,23,Jun,College Gym,75.4,Bulk,Closegrip Dumbbell Press,Triceps,15.0,9,135.0,19.5,0.2586206896551724
2025-06-06,23,Jun,College Gym,75.4,Bulk,Closegrip Dumbbell Press,Triceps,15.0,10,150.0,20.0,0.2652519893899204
2025-06-06,23,Jun,College Gym,75.4,Bulk,Hammer Curls,Biceps,17.5,6,105.0,21.0,0.27851458885941643
2025-06-06,23,Jun,College Gym,75.4,Bulk,Hammer Curls,Biceps,15.0,13,195.0,21.5,0.28514588859416445
2025-06-06,23,Jun,College Gym,75.4,Bulk,Hammer Curls,Biceps,15.0,10,150.0,20.0,0.2652519893899204
2025-06-06,23,Jun,College Gym,75.4,Bulk,Incline Curls,Biceps,10.0,11,110.0,13.666666666666668,0.1812555260831123
2025-06-06,23,Jun,College Gym,75.4,Bulk,Incline Curls,Biceps,10.0,12,120.0,14.0,0.18567639257294427
2025-06-06,23,Jun,College Gym,75.4,Bulk,Incline Curls,Biceps,10.0,9,90.0,13.0,0.17241379310344826
2025-06-11,24,Jun,College Gym,74.25,Bulk,Tricep Rope Pushdown,Triceps,52.5,12,630.0,73.5,0.98989898989899
2025-06-11,24,Jun,College Gym,74.25,Bulk,Tricep Rope Pushdown,Triceps,52.5,12,630.0,73.5,0.98989898989899
2025-06-11,24,Jun,College Gym,74.25,Bulk,Tricep Rope Pushdown,Triceps,52.5,10,525.0,70.0,0.9427609427609428
2025-06-11,24,Jun,College Gym,74.25,Bulk,Tricep Rope Pushdown,Triceps,52.5,11,577.5,71.75,0.9663299663299664
2025-06-11,24,Jun,College Gym,74.25,Bulk,Tricep Kickback,Triceps,10.0,12,120.0,14.0,0.18855218855218855
2025-06-11,24,Jun,College Gym,74.25,Bulk,Tricep Kickback,Triceps,10.0,7,70.0,12.333333333333334,0.1661054994388328
2025-06-11,24,Jun,College Gym,74.25,Bulk,Tricep Kickback,Triceps,10.0,6,60.0,12.0,0.16161616161616163
2025-06-11,24,Jun,College Gym,74.25,Bulk,Tricep Kickback,Triceps,5.0,10,50.0,6.666666666666666,0.08978675645342311
2025-06-11,24,Jun,College Gym,74.25,Bulk,V Bar Pulldown,Back,60.0,6,360.0,72.0,0.9696969696969697
2025-06-11,24,Jun,College Gym,74.25,Bulk,V Bar Pulldown,Back,55.0,12,660.0,77.0,1.037037037037037
2025-06-11,24,Jun,College Gym,74.25,Bulk,V Bar Pulldown,Back,60.0,7,420.0,74.0,0.9966329966329966
2025-06-11,24,Jun,College Gym,74.25,Bulk,Single Arm Pulldown,Back,37.5,9,337.5,48.75,0.6565656565656566
2025-06-11,24,Jun,College Gym,74.25,Bulk,Single Arm Pulldown,Back,37.5,12,450.0,52.5,0.7070707070707071
2025-06-11,24,Jun,College Gym,74.25,Bulk,Single Arm Pulldown,Back,45.0,8,360.0,57.0,0.7676767676767676
2025-06-11,24,Jun,College Gym,74.25,Bulk,Chest Supported Dumbbell Rows,Back,20.0,9,180.0,26.0,0.3501683501683502
2025-06-11,24,Jun,College Gym,74.25,Bulk,Chest Supported Dumbbell Rows,Back,20.0,8,160.0,25.333333333333332,0.34118967452300786
2025-06-11,24,Jun,College Gym,74.25,Bulk,Cable Crunches,Core,82.5,10,825.0,110.0,1.4814814814814814
2025-06-11,24,Jun,College Gym,74.25,Bulk,Cable Crunches,Core,82.5,8,660.0,104.5,1.4074074074074074
2025-06-11,24,Jun,College Gym,74.25,Bulk,Cable Crunches,Core,75.0,11,825.0,102.5,1.3804713804713804
2025-06-12,24,Jun,College Gym,75.4,Bulk,Preacher Curl Dumbbell,Biceps,12.5,10,125.0,16.666666666666664,0.2210433244916003
2025-06-12,24,Jun,College Gym,75.4,Bulk,Preacher Curl Dumbbell,Biceps,12.5,13,162.5,17.916666666666668,0.23762157382847038
2025-06-12,24,Jun,College Gym,75.4,Bulk,Preacher Curl Dumbbell,Biceps,10.0,10,100.0,13.333333333333332,0.17683465959328026
2025-06-12,24,Jun,College Gym,75.4,Bulk,Preacher Curl Dumbbell,Biceps,10.0,8,80.0,12.666666666666666,0.16799292661361626
2025-06-12,24,Jun,College Gym,75.4,Bulk,Incline Dumbbell Press,Chest,20.0,10,200.0,26.666666666666664,0.3536693191865605
2025-06-12,24,Jun,College Gym,75.4,Bulk,Incline Dumbbell Press,Chest,20.0,10,200.0,26.666666666666664,0.3536693191865605
2025-06-12,24,Jun,College Gym,75.4,Bulk,Incline Dumbbell Press,Chest,20.0,7,140.0,24.666666666666668,0.3271441202475685
2025-06-12,24,Jun,College Gym,75.4,Bulk,Dumbbell Press,Chest,20.0,9,180.0,26.0,0.3448275862068965
2025-06-12,24,Jun,College Gym,75.4,Bulk,Dumbbell Press,Chest,20.0,7,140.0,24.666666666666668,0.3271441202475685
2025-06-12,24,Jun,College Gym,75.4,Bulk,Dumbbell Press,Chest,17.5,10,175.0,23.333333333333332,0.30946065428824043
2025-06-12,24,Jun,College Gym,75.4,Bulk,Cable Fly,Chest,30.0,8,240.0,38.0,0.5039787798408488
2025-06-12,24,Jun,College Gym,75.4,Bulk,Cable Fly,Chest,25.0,11,275.0,34.166666666666664,0.45313881520778065
2025-06-12,24,Jun,College Gym,75.4,Bulk,Cable Fly,Chest,25.0,11,275.0,34.166666666666664,0.45313881520778065
2025-06-12,24,Jun,College Gym,75.4,Bulk,Hammer Curls,Biceps,17.5,7,122.5,21.583333333333336,0.28625110521662245
2025-06-12,24,Jun,College Gym,75.4,Bulk,Hammer Curls,Biceps,15.0,10,150.0,20.0,0.2652519893899204
2025-06-12,24,Jun,College Gym,75.4,Bulk,Hammer Curls,Biceps,15.0,10,150.0,20.0,0.2652519893899204
2025-06-12,24,Jun,College Gym,75.4,Bulk,Hammer Curls,Biceps,15.0,8,120.0,19.0,0.2519893899204244
2025-06-14,24,Jun,College Gym,75.55,Bulk,Deadlift,Legs,27.5,9,247.5,35.75,0.47319655857048315
2025-06-14,24,Jun,College Gym,75.55,Bulk,Deadlift,Legs,27.5,9,247.5,35.75,0.47319655857048315
2025-06-14,24,Jun,College Gym,75.55,Bulk,Deadlift,Legs,27.5,9,247.5,35.75,0.47319655857048315
2025-06-14,24,Jun,College Gym,75.55,Bulk,Leg Extension,Legs,75.0,12,900.0,105.0,1.3898080741230974
2025-06-14,24,Jun,College Gym,75.55,Bulk,Leg Extension,Legs,75.0,11,825.0,102.5,1.356717405691595
2025-06-14,24,Jun,College Gym,75.55,Bulk,Leg Extension,Legs,75.0,10,750.0,100.0,1.3236267372600927
2025-06-14,24,Jun,College Gym,75.55,Bulk,Squats,Legs,25.0,12,300.0,35.0,0.4632693580410324
2025-06-14,24,Jun,College Gym,75.55,Bulk,Squats,Legs,30.0,6,180.0,36.0,0.4765056254136334
2025-06-14,24,Jun,College Gym,75.55,Bulk,Chest Supported Lateral Raises,Shoulders,10.0,10,100.0,13.333333333333332,0.17648356496801235
2025-06-14,24,Jun,College Gym,75.55,Bulk,Chest Supported Lateral Raises,Shoulders,10.0,9,90.0,13.0,0.17207147584381205
2025-06-14,24,Jun,College Gym,75.55,Bulk,Chest Supported Lateral Raises,Shoulders,10.0,9,90.0,13.0,0.17207147584381205
2025-06-14,24,Jun,College Gym,75.55,Bulk,Chest Supported Lateral Raises,Shoulders,10.0,8,80.0,12.666666666666666,0.16765938671961172
2025-06-14,24,Jun,College Gym,75.55,Bulk,Face Pull,Shoulders,52.5,10,525.0,70.0,0.9265387160820648
2025-06-14,24,Jun,College Gym,75.55,Bulk,Face Pull,Shoulders,52.5,11,577.5,71.75,0.9497021839841165
2025-06-14,24,Jun,College Gym,75.55,Bulk,Face Pull,Shoulders,52.5,10,525.0,70.0,0.9265387160820648
2025-06-16,25,Jun,College Gym,75.4,Cut,Incline Dumbbell Press,Chest,20.0,11,220.0,27.333333333333336,0.3625110521662246
2025-06-16,25,Jun,College Gym,75.4,Cut,Incline Dumbbell Press,Chest,20.0,9,180.0,26.0,0.3448275862068965
2025-06-16,25,Jun,College Gym,75.4,Cut,Incline Dumbbell Press,Chest,20.0,9,180.0,26.0,0.3448275862068965
2025-06-16,25,Jun,College Gym,75.4,Cut,Dumbbell Press,Chest,20.0,8,160.0,25.333333333333332,0.3359858532272325
2025-06-16,25,Jun,College Gym,75.4,Cut,Dumbbell Press,Chest,20.0,6,120.0,24.0,0.3183023872679045
2025-06-16,25,Jun,College Gym,75.4,Cut,Dumbbell Press,Chest,17.5,9,157.5,22.75,0.3017241379310345
2025-06-16,25,Jun,College Gym,75.4,Cut,Cable Fly,Chest,30.0,9,270.0,39.0,0.5172413793103448
2025-06-16,25,Jun,College Gym,75.4,Cut,Cable Fly,Chest,25.0,11,275.0,34.166666666666664,0.45313881520778065
2025-06-16,25,Jun,College Gym,75.4,Cut,Cable Fly,Chest,20.0,7,140.0,24.666666666666668,0.3271441202475685
2025-06-16,25,Jun,College Gym,75.4,Cut,Chest Supported Lateral Raises,Shoulders,7.5,8,60.0,9.5,0.1259946949602122
2025-06-16,25,Jun,College Gym,75.4,Cut,Chest Supported Lateral Raises,Shoulders,7.5,10,75.0,10.0,0.1326259946949602
2025-06-16,25,Jun,College Gym,75.4,Cut,Preacher Curl Dumbbell,Biceps,12.5,9,112.5,16.25,0.21551724137931033
2025-06-16,25,Jun,College Gym,75.4,Cut,Preacher Curl Dumbbell,Biceps,12.5,7,87.5,15.416666666666668,0.20446507515473034
2025-06-16,25,Jun,College Gym,75.4,Cut,Preacher Curl Dumbbell,Biceps,10.0,11,110.0,13.666666666666668,0.1812555260831123
2025-06-16,25,Jun,College Gym,75.4,Cut,Hammer Curls,Biceps,15.0,9,135.0,19.5,0.2586206896551724
2025-06-16,25,Jun,College Gym,75.4,Cut,Hammer Curls,Biceps,15.0,8,120.0,19.0,0.2519893899204244
2025-06-16,25,Jun,College Gym,75.4,Cut,Hammer Curls,Biceps,15.0,7,105.0,18.5,0.24535809018567636
2025-06-17,25,Jun,College Gym,74.7,Cut,Tricep Rope Pushdown,Triceps,52.5,9,472.5,68.25,0.9136546184738955
2025-06-17,25,Jun,College Gym,74.7,Cut,Tricep Rope Pushdown,Triceps,52.5,10,525.0,70.0,0.9370816599732262
2025-06-17,25,Jun,College Gym,74.7,Cut,Tricep Rope Pushdown,Triceps,52.5,9,472.5,68.25,0.9136546184738955
2025-06-17,25,Jun,College Gym,74.7,Cut,Tricep Kickback,Triceps,10.0,7,70.0,12.333333333333334,0.1651048639000446
2025-06-17,25,Jun,College Gym,74.7,Cut,Tricep Kickback,Triceps,10.0,7,70.0,12.333333333333334,0.1651048639000446
2025-06-17,25,Jun,College Gym,74.7,Cut,Tricep Kickback,Triceps,10.0,6,60.0,12.0,0.1606425702811245
2025-06-17,25,Jun,College Gym,74.7,Cut,V Bar Pulldown,Back,60.0,7,420.0,74.0,0.9906291834002677
2025-06-17,25,Jun,College Gym,74.7,Cut,V Bar Pulldown,Back,60.0,6,360.0,72.0,0.963855421686747
2025-06-17,25,Jun,College Gym,74.7,Cut,V Bar Pulldown,Back,60.0,7,420.0,74.0,0.9906291834002677
2025-06-17,25,Jun,College Gym,74.7,Cut,Single Arm Pulldown,Back,45.0,10,450.0,60.0,0.8032128514056225
2025-06-17,25,Jun,College Gym,74.7,Cut,Single Arm Pulldown,Back,45.0,10,450.0,60.0,0.8032128514056225
2025-06-17,25,Jun,College Gym,74.7,Cut,Single Arm Pulldown,Back,45.0,11,495.0,61.5,0.8232931726907631
2025-06-17,25,Jun,College Gym,74.7,Cut,Chest Supported Dumbbell Rows,Back,20.0,10,200.0,26.666666666666664,0.35698348951361
2025-06-17,25,Jun,College Gym,74.7,Cut,Chest Supported Dumbbell Rows,Back,20.0,10,200.0,26.666666666666664,0.35698348951361
2025-06-17,25,Jun,College Gym,74.7,Cut,Chest Supported Dumbbell Rows,Back,20.0,9,180.0,26.0,0.34805890227576974
2025-06-18,25,Jun,College Gym,74.05,Cut,Deadlift,Legs,27.5,11,302.5,37.583333333333336,0.5075399504839073
2025-06-18,25,Jun,College Gym,74.05,Cut,Deadlift,Legs,27.5,8,220.0,34.83333333333333,0.4704028809363043
2025-06-18,25,Jun,College Gym,74.05,Cut,Deadlift,Legs,27.5,7,192.5,33.91666666666667,0.4580238577537701
2025-06-18,25,Jun,College Gym,74.05,Cut,Deadlift,Legs,27.5,7,192.5,33.91666666666667,0.4580238577537701
2025-06-18,25,Jun,College Gym,74.05,Cut,Leg Extension,Legs,75.0,14,1050.0,110.00000000000001,1.4854827819041192
2025-06-18,25,Jun,College Gym,74.05,Cut,Leg Extension,Legs,75.0,14,1050.0,110.00000000000001,1.4854827819041192
2025-06-18,25,Jun,College Gym,74.05,Cut,Leg Extension,Legs,75.0,12,900.0,105.0,1.4179608372721135
2025-06-18,25,Jun,College Gym,74.05,Cut,Squats,Legs,30.0,8,240.0,38.0,0.513166779203241
2025-06-18,25,Jun,College Gym,74.05,Cut,Squats,Legs,30.0,8,240.0,38.0,0.513166779203241
2025-06-18,25,Jun,College Gym,74.05,Cut,Chest Supported Lateral Raises,Shoulders,10.0,11,110.0,13.666666666666668,0.1845599819941481
2025-06-18,25,Jun,College Gym,74.05,Cut,Chest Supported Lateral Raises,Shoulders,10.0,9,90.0,13.0,0.17555705604321406
2025-06-18,25,Jun,College Gym,74.05,Cut,Chest Supported Lateral Raises,Shoulders,10.0,8,80.0,12.666666666666666,0.171055593067747
2025-06-18,25,Jun,College Gym,74.05,Cut,Rear Delt Fly Cable,Shoulders,10.0,12,120.0,14.0,0.18906144496961513
2025-06-18,25,Jun,College Gym,74.05,Cut,Rear Delt Fly Cable,Shoulders,10.0,11,110.0,13.666666666666668,0.1845599819941481
2025-06-20,25,Jun,College Gym,73.95,Cut,Closegrip Benchpress Ez Bar,Triceps,17.5,8,140.0,22.166666666666664,0.2997520847419427
2025-06-20,25,Jun,College Gym,73.95,Cut,Closegrip Benchpress Ez Bar,Triceps,17.5,7,122.5,21.583333333333336,0.29186387198557584
2025-06-20,25,Jun,College Gym,73.95,Cut,Closegrip Benchpress Ez Bar,Triceps,17.5,7,122.5,21.583333333333336,0.29186387198557584
2025-06-20,25,Jun,College Gym,73.95,Cut,Tricep Kickback,Triceps,10.0,9,90.0,13.0,0.1757944557133198
2025-06-20,25,Jun,College Gym,73.95,Cut,Tricep Kickback,Triceps,10.0,8,80.0,12.666666666666666,0.1712869055668244
2025-06-20,25,Jun,College Gym,73.95,Cut,Tricep Kickback,Triceps,10.0,7,70.0,12.333333333333334,0.16677935542032904
2025-06-20,25,Jun,College Gym,73.95,Cut,Seated Hammer Curls,Biceps,12.5,8,100.0,15.833333333333332,0.21410863195853053
2025-06-20,25,Jun,College Gym,73.95,Cut,Seated Hammer Curls,Biceps,12.5,8,100.0,15.833333333333332,0.21410863195853053
2025-06-20,25,Jun,College Gym,73.95,Cut,Seated Hammer Curls,Biceps,12.5,7,87.5,15.416666666666668,0.20847419427541133
2025-06-20,25,Jun,College Gym,73.95,Cut,Incline Curls,Biceps,12.5,6,75.0,15.0,0.2028397565922921
2025-06-20,25,Jun,College Gym,73.95,Cut,Incline Curls,Biceps,12.5,5,62.5,14.583333333333334,0.19720531890917287
2025-06-20,25,Jun,College Gym,73.95,Cut,Incline Curls,Biceps,10.0,8,80.0,12.666666666666666,0.1712869055668244
2025-06-23,26,Jun,College Gym,72.95,Cut,Tricep Rope Pushdown,Triceps,52.5,10,525.0,70.0,0.9595613433858807
2025-06-23,26,Jun,College Gym,72.95,Cut,Tricep Rope Pushdown,Triceps,52.5,9,472.5,68.25,0.9355723098012337
2025-06-23,26,Jun,College Gym,72.95,Cut,Tricep Rope Pushdown,Triceps,52.5,7,367.5,64.75,0.8875942426319396
2025-06-23,26,Jun,College Gym,72.95,Cut,Tricep Kickback,Triceps,10.0,9,90.0,13.0,0.17820424948594926
2025-06-23,26,Jun,College Gym,72.95,Cut,Tricep Kickback,Triceps,10.0,8,80.0,12.666666666666666,0.1736349097555403
2025-06-23,26,Jun,College Gym,72.95,Cut,Tricep Kickback,Triceps,10.0,9,90.0,13.0,0.17820424948594926
2025-06-23,26,Jun,College Gym,72.95,Cut,Tricep Overhead Bar Extension,Triceps,25.0,7,175.0,30.833333333333336,0.42266392506282846
2025-06-23,26,Jun,College Gym,72.95,Cut,Tricep Overhead Bar Extension,Triceps,25.0,8,200.0,31.666666666666664,0.43408727438885075
2025-06-23,26,Jun,College Gym,72.95,Cut,V Bar Pulldown,Back,60.0,8,480.0,76.0,1.0418094585332418
2025-06-23,26,Jun,College Gym,72.95,Cut,V Bar Pulldown,Back,60.0,7,420.0,74.0,1.0143934201507883
2025-06-23,26,Jun,College Gym,72.95,Cut,V Bar Pulldown,Back,60.0,6,360.0,72.0,0.9869773817683344
2025-06-23,26,Jun,College Gym,72.95,Cut,Single Arm Pulldown,Back,45.0,12,540.0,62.99999999999999,0.8636052090472925
2025-06-23,26,Jun,College Gym,72.95,Cut,Single Arm Pulldown,Back,52.5,8,420.0,66.5,0.9115832762165866
2025-06-23,26,Jun,College Gym,72.95,Cut,Single Arm Pulldown,Back,52.5,7,367.5,64.75,0.8875942426319396
2025-06-23,26,Jun,College Gym,72.95,Cut,Chest Supported Dumbbell Rows,Back,20.0,11,220.0,27.333333333333336,0.3746858578935344
2025-06-23,26,Jun,College Gym,72.95,Cut,Chest Supported Dumbbell Rows,Back,20.0,10,200.0,26.666666666666664,0.36554717843271645
2025-06-23,26,Jun,College Gym,72.95,Cut,Chest Supported Dumbbell Rows,Back,20.0,9,180.0,26.0,0.3564084989718985
2025-06-24,26,Jun,College Gym,73.4,Cut,Incline Dumbbell Press,Chest,20.0,10,200.0,26.666666666666664,0.36330608537693
2025-06-24,26,Jun,College Gym,73.4,Cut,Incline Dumbbell Press,Chest,20.0,7,140.0,24.666666666666668,0.3360581289736603
2025-06-24,26,Jun,College Gym,73.4,Cut,Incline Dumbbell Press,Chest,20.0,6,120.0,24.0,0.32697547683923706
2025-06-24,26,Jun,College Gym,73.4,Cut,Dumbbell Press,Chest,20.0,8,160.0,25.333333333333332,0.3451407811080835
2025-06-24,26,Jun,College Gym,73.4,Cut,Dumbbell Press,Chest,20.0,6,120.0,24.0,0.32697547683923706
2025-06-24,26,Jun,College Gym,73.4,Cut,Dumbbell Press,Chest,20.0,4,80.0,22.666666666666664,0.3088101725703905
2025-06-24,26,Jun,College Gym,73.4,Cut,Cable Fly,Chest,25.0,10,250.0,33.33333333333333,0.45413260672116246
2025-06-24,26,Jun,College Gym,73.4,Cut,Cable Fly,Chest,25.0,11,275.0,34.166666666666664,0.4654859218891916
2025-06-24,26,Jun,College Gym,73.4,Cut,Cable Fly,Chest,25.0,8,200.0,31.666666666666664,0.4314259763851044
2025-06-24,26,Jun,College Gym,73.4,Cut,Preacher Curl Dumbbell,Biceps,12.5,7,87.5,15.416666666666668,0.21003633060853769
2025-06-24,26,Jun,College Gym,73.4,Cut,Preacher Curl Dumbbell,Biceps,10.0,13,130.0,14.333333333333334,0.1952770208900999
2025-06-24,26,Jun,College Gym,73.4,Cut,Preacher Curl Dumbbell,Biceps,10.0,8,80.0,12.666666666666666,0.17257039055404175
2025-06-24,26,Jun,College Gym,73.4,Cut,Seated Hammer Curls,Biceps,12.5,8,100.0,15.833333333333332,0.2157129881925522
2025-06-24,26,Jun,College Gym,73.4,Cut,Seated Hammer Curls,Biceps,12.5,8,100.0,15.833333333333332,0.2157129881925522
2025-06-24,26,Jun,College Gym,73.4,Cut,Seated Hammer Curls,Biceps,12.5,5,62.5,14.583333333333334,0.19868301544050862
2025-06-26,26,Jun,College Gym,72.95,Cut,Deadlift,Legs,30.0,9,270.0,39.0,0.5346127484578478
2025-06-26,26,Jun,College Gym,72.95,Cut,Deadlift,Legs,30.0,8,240.0,38.0,0.5209047292666209
2025-06-26,26,Jun,College Gym,72.95,Cut,Deadlift,Legs,30.0,7,210.0,37.0,0.5071967100753941
2025-06-26,26,Jun,College Gym,72.95,Cut,Deadlift,Legs,30.0,6,180.0,36.0,0.4934886908841672
2025-06-26,26,Jun,College Gym,72.95,Cut,Leg Extension,Legs,80.0,9,720.0,104.0,1.425633995887594
2025-06-26,26,Jun,College Gym,72.95,Cut,Leg Extension,Legs,80.0,10,800.0,106.66666666666666,1.4621887137308658
2025-06-26,26,Jun,College Gym,72.95,Cut,Leg Extension,Legs,80.0,10,800.0,106.66666666666666,1.4621887137308658
2025-06-26,26,Jun,College Gym,72.95,Cut,Squats,Legs,30.0,10,300.0,40.0,0.5483207676490747
2025-06-26,26,Jun,College Gym,72.95,Cut,Squats,Legs,30.0,8,240.0,38.0,0.5209047292666209
2025-06-26,26,Jun,College Gym,72.95,Cut,Chest Supported Lateral Raises,Shoulders,10.0,12,120.0,14.0,0.19191226867717615
2025-06-26,26,Jun,College Gym,72.95,Cut,Chest Supported Lateral Raises,Shoulders,10.0,10,100.0,13.333333333333332,0.18277358921635822
2025-06-26,26,Jun,College Gym,72.95,Cut,Chest Supported Lateral Raises,Shoulders,10.0,9,90.0,13.0,0.17820424948594926
2025-06-26,26,Jun,College Gym,72.95,Cut,Face Pull,Shoulders,52.5,9,472.5,68.25,0.9355723098012337
2025-06-26,26,Jun,College Gym,72.95,Cut,Face Pull,Shoulders,52.5,7,367.5,64.75,0.8875942426319396
2025-06-26,26,Jun,College Gym,72.95,Cut,Face Pull,Shoulders,45.0,10,450.0,60.0,0.822481151473612
2025-06-27,26,Jun,College Gym,73.0,Cut,Closegrip Benchpress Ez Bar,Triceps,17.5,7,122.5,21.583333333333336,0.29566210045662106
2025-06-27,26,Jun,College Gym,73.0,Cut,Closegrip Benchpress Ez Bar,Triceps,17.5,7,122.5,21.583333333333336,0.29566210045662106
2025-06-27,26,Jun,College Gym,73.0,Cut,Closegrip Benchpress Ez Bar,Triceps,17.5,7,122.5,21.583333333333336,0.29566210045662106
2025-06-27,26,Jun,College Gym,73.0,Cut,Tricep Overhead Bar Extension,Triceps,25.0,7,175.0,30.833333333333336,0.42237442922374435
2025-06-27,26,Jun,College Gym,73.0,Cut,Tricep Overhead Bar Extension,Triceps,25.0,7,175.0,30.833333333333336,0.42237442922374435
2025-06-27,26,Jun,College Gym,73.0,Cut,Tricep Overhead Bar Extension,Triceps,25.0,7,175.0,30.833333333333336,0.42237442922374435
2025-06-27,26,Jun,College Gym,73.0,Cut,Hammer Curls,Biceps,15.0,10,150.0,20.0,0.273972602739726
2025-06-27,26,Jun,College Gym,73.0,Cut,Hammer Curls,Biceps,15.0,9,135.0,19.5,0.2671232876712329
2025-06-27,26,Jun,College Gym,73.0,Cut,Hammer Curls,Biceps,15.0,8,120.0,19.0,0.2602739726027397
2025-06-27,26,Jun,College Gym,73.0,Cut,Incline Curls,Biceps,12.5,7,87.5,15.416666666666668,0.21118721461187218
2025-06-27,26,Jun,College Gym,73.0,Cut,Incline Curls,Biceps,12.5,7,87.5,15.416666666666668,0.21118721461187218
2025-06-27,26,Jun,College Gym,73.0,Cut,Incline Curls,Biceps,12.5,5,62.5,14.583333333333334,0.1997716894977169
2025-07-01,27,Jul,College Gym,72.8,Cut,Incline Dumbbell Press,Chest,20.0,11,220.0,27.333333333333336,0.3754578754578755
2025-07-01,27,Jul,College Gym,72.8,Cut,Incline Dumbbell Press,Chest,20.0,9,180.0,26.0,0.35714285714285715
2025-07-01,27,Jul,College Gym,72.8,Cut,Incline Dumbbell Press,Chest,20.0,7,140.0,24.666666666666668,0.33882783882783885
2025-07-01,27,Jul,College Gym,72.8,Cut,Dumbbell Press,Chest,20.0,6,120.0,24.0,0.32967032967032966
2025-07-01,27,Jul,College Gym,72.8,Cut,Dumbbell Press,Chest,20.0,6,120.0,24.0,0.32967032967032966
2025-07-01,27,Jul,College Gym,72.8,Cut,Dumbbell Press,Chest,20.0,6,120.0,24.0,0.32967032967032966
2025-07-01,27,Jul,College Gym,72.8,Cut,Cable Fly,Chest,25.0,12,300.0,35.0,0.4807692307692308
2025-07-01,27,Jul,College Gym,72.8,Cut,Cable Fly,Chest,25.0,10,250.0,33.33333333333333,0.4578754578754578
2025-07-01,27,Jul,College Gym,72.8,Cut,Cable Fly,Chest,25.0,11,275.0,34.166666666666664,0.4693223443223443
2025-07-01,27,Jul,College Gym,72.8,Cut,Tricep Overhead Bar Extension,Triceps,25.0,6,150.0,30.0,0.4120879120879121
2025-07-01,27,Jul,College Gym,72.8,Cut,Tricep Overhead Bar Extension,Triceps,20.0,8,160.0,25.333333333333332,0.34798534798534797
2025-07-01,27,Jul,College Gym,72.8,Cut,Tricep Overhead Bar Extension,Triceps,20.0,9,180.0,26.0,0.35714285714285715
2025-07-01,27,Jul,College Gym,72.8,Cut,Tricep Overhead Bar Extension,Triceps,20.0,7,140.0,24.666666666666668,0.33882783882783885
2025-07-01,27,Jul,College Gym,72.8,Cut,Tricep Rope Pushdown,Triceps,30.0,10,300.0,40.0,0.5494505494505495
2025-07-01,27,Jul,College Gym,72.8,Cut,Tricep Rope Pushdown,Triceps,30.0,11,330.0,41.0,0.5631868131868132
2025-07-01,27,Jul,College Gym,72.8,Cut,Tricep Rope Pushdown,Triceps,30.0,11,330.0,41.0,0.5631868131868132
2025-07-02,27,Jul,College Gym,72.8,Cut,V Bar Pulldown,Back,60.0,10,600.0,80.0,1.098901098901099
2025-07-02,27,Jul,College Gym,72.8,Cut,V Bar Pulldown,Back,60.0,9,540.0,78.0,1.0714285714285714
2025-07-02,27,Jul,College Gym,72.8,Cut,V Bar Pulldown,Back,60.0,6,360.0,72.0,0.989010989010989
2025-07-02,27,Jul,College Gym,72.8,Cut,Single Arm Pulldown,Back,52.5,9,472.5,68.25,0.9375
2025-07-02,27,Jul,College Gym,72.8,Cut,Single Arm Pulldown,Back,52.5,10,525.0,70.0,0.9615384615384616
2025-07-02,27,Jul,College Gym,72.8,Cut,Single Arm Pulldown,Back,52.5,10,525.0,70.0,0.9615384615384616
2025-07-02,27,Jul,College Gym,72.8,Cut,Chest Supported Dumbbell Rows,Back,20.0,12,240.0,28.0,0.38461538461538464
2025-07-02,27,Jul,College Gym,72.8,Cut,Chest Supported Dumbbell Rows,Back,20.0,11,220.0,27.333333333333336,0.3754578754578755
2025-07-02,27,Jul,College Gym,72.8,Cut,Chest Supported Dumbbell Rows,Back,20.0,10,200.0,26.666666666666664,0.3663003663003663
2025-07-02,27,Jul,College Gym,72.8,Cut,Preacher Curl Dumbbell,Biceps,12.5,6,75.0,15.0,0.20604395604395606
2025-07-02,27,Jul,College Gym,72.8,Cut,Preacher Curl Dumbbell,Biceps,12.5,6,75.0,15.0,0.20604395604395606
2025-07-02,27,Jul,College Gym,72.8,Cut,Preacher Curl Dumbbell,Biceps,10.0,15,150.0,15.0,0.20604395604395606
2025-07-02,27,Jul,College Gym,72.8,Cut,Preacher Curl Dumbbell,Biceps,12.5,7,87.5,15.416666666666668,0.2117673992673993
2025-07-02,27,Jul,College Gym,72.8,Cut,Seated Hammer Curls,Biceps,12.5,8,100.0,15.833333333333332,0.2174908424908425
2025-07-02,27,Jul,College Gym,72.8,Cut,Seated Hammer Curls,Biceps,12.5,8,100.0,15.833333333333332,0.2174908424908425
2025-07-02,27,Jul,College Gym,72.8,Cut,Seated Hammer Curls,Biceps,12.5,6,75.0,15.0,0.20604395604395606
2025-07-03,27,Jul,College Gym,72.7,Cut,Deadlift,Legs,30.0,7,210.0,37.0,0.5089408528198074
2025-07-03,27,Jul,College Gym,72.7,Cut,Deadlift,Legs,30.0,6,180.0,36.0,0.4951856946354883
2025-07-03,27,Jul,College Gym,72.7,Cut,Deadlift,Legs,30.0,6,180.0,36.0,0.4951856946354883
2025-07-03,27,Jul,College Gym,72.7,Cut,Leg Extension,Legs,80.0,12,960.0,112.0,1.5405777166437413
2025-07-03,27,Jul,College Gym,72.7,Cut,Leg Extension,Legs,80.0,12,960.0,112.0,1.5405777166437413
2025-07-03,27,Jul,College Gym,72.7,Cut,Leg Extension,Legs,80.0,9,720.0,104.0,1.4305364511691885
2025-07-03,27,Jul,College Gym,72.7,Cut,Squats,Legs,30.0,10,300.0,40.0,0.5502063273727648
2025-07-03,27,Jul,College Gym,72.7,Cut,Squats,Legs,30.0,10,300.0,40.0,0.5502063273727648
2025-07-03,27,Jul,College Gym,72.7,Cut,Chest Supported Lateral Raises,Shoulders,10.0,11,110.0,13.666666666666668,0.1879871618523613
2025-07-03,27,Jul,College Gym,72.7,Cut,Chest Supported Lateral Raises,Shoulders,10.0,10,100.0,13.333333333333332,0.1834021091242549
2025-07-03,27,Jul,College Gym,72.7,Cut,Chest Supported Lateral Raises,Shoulders,10.0,9,90.0,13.0,0.17881705639614856
2025-07-03,27,Jul,College Gym,72.7,Cut,Face Pull,Shoulders,52.5,10,525.0,70.0,0.9628610729023384
2025-07-03,27,Jul,College Gym,72.7,Cut,Face Pull,Shoulders,52.5,9,472.5,68.25,0.9387895460797799
2025-07-03,27,Jul,College Gym,72.7,Cut,Face Pull,Shoulders,52.5,8,420.0,66.5,0.9147180192572214
2025-07-04,27,Jul,College Gym,72.6,Cut,Closegrip Benchpress Ez Bar,Triceps,17.5,9,157.5,22.75,0.31336088154269975
2025-07-04,27,Jul,College Gym,72.6,Cut,Closegrip Benchpress Ez Bar,Triceps,17.5,9,157.5,22.75,0.31336088154269975
2025-07-04,27,Jul,College Gym,72.6,Cut,Closegrip Benchpress Ez Bar,Triceps,17.5,8,140.0,22.166666666666664,0.305325987144169
2025-07-04,27,Jul,College Gym,72.6,Cut,Tricep Overhead Bar Extension,Triceps,25.0,7,175.0,30.833333333333336,0.4247015610651975
2025-07-04,27,Jul,College Gym,72.6,Cut,Tricep Overhead Bar Extension,Triceps,20.0,11,220.0,27.333333333333336,0.3764921946740129
2025-07-04,27,Jul,College Gym,72.6,Cut,Tricep Overhead Bar Extension,Triceps,20.0,10,200.0,26.666666666666664,0.3673094582185491
2025-07-04,27,Jul,College Gym,72.6,Cut,Incline Curls,Biceps,12.5,8,100.0,15.833333333333332,0.21808999081726355
2025-07-04,27,Jul,College Gym,72.6,Cut,Incline Curls,Biceps,12.5,8,100.0,15.833333333333332,0.21808999081726355
2025-07-04,27,Jul,College Gym,72.6,Cut,Incline Curls,Biceps,12.5,6,75.0,15.0,0.2066115702479339
2025-07-04,27,Jul,College Gym,72.6,Cut,Rope Hammer Curls,Biceps,37.5,8,300.0,47.5,0.6542699724517906
2025-07-04,27,Jul,College Gym,72.6,Cut,Rope Hammer Curls,Biceps,37.5,9,337.5,48.75,0.6714876033057852
2025-07-04,27,Jul,College Gym,72.6,Cut,Rope Hammer Curls,Biceps,37.5,9,337.5,48.75,0.6714876033057852
2025-07-04,27,Jul,College Gym,72.6,Cut,Tricep Pushdown,Triceps,37.5,7,262.5,46.25,0.6370523415977962
2025-07-04,27,Jul,College Gym,72.6,Cut,Tricep Pushdown,Triceps,30.0,7,210.0,37.0,0.509641873278237
2025-07-04,27,Jul,College Gym,72.6,Cut,Ez Bar Curl,Biceps,30.0,9,270.0,39.0,0.5371900826446281
2025-07-04,27,Jul,College Gym,72.6,Cut,Ez Bar Curl,Biceps,30.0,8,240.0,38.0,0.5234159779614326
2025-07-05,27,Jul,College Gym,72.3,Cut,Cable Lateral Raises,Shoulders,12.5,8,100.0,15.833333333333332,0.218994928538497
2025-07-05,27,Jul,College Gym,72.3,Cut,Cable Lateral Raises,Shoulders,12.5,8,100.0,15.833333333333332,0.218994928538497
2025-07-05,27,Jul,College Gym,72.3,Cut,Cable Lateral Raises,Shoulders,12.5,7,87.5,15.416666666666668,0.21323190410327342
2025-07-05,27,Jul,College Gym,72.3,Cut,Seated Lateral Raises,Shoulders,7.5,6,45.0,9.0,0.12448132780082988
2025-07-05,27,Jul,College Gym,72.3,Cut,Seated Lateral Raises,Shoulders,7.5,7,52.5,9.25,0.12793914246196406
2025-07-05,27,Jul,College Gym,72.3,Cut,Seated Lateral Raises,Shoulders,7.5,8,60.0,9.5,0.1313969571230982
2025-07-05,27,Jul,College Gym,72.3,Cut,Incline Dumbbell Press,Chest,20.0,7,140.0,24.666666666666668,0.34117104656523745
2025-07-05,27,Jul,College Gym,72.3,Cut,Incline Dumbbell Press,Chest,20.0,7,140.0,24.666666666666668,0.34117104656523745
2025-07-05,27,Jul,College Gym,72.3,Cut,Lat Pulldown,Back,50.0,7,350.0,61.66666666666667,0.8529276164130937
2025-07-05,27,Jul,College Gym,72.3,Cut,Lat Pulldown,Back,50.0,8,400.0,63.33333333333333,0.875979714153988
2025-07-05,27,Jul,College Gym,72.3,Cut,Face Pull,Shoulders,52.5,10,525.0,70.0,0.9681881051175657
2025-07-05,27,Jul,College Gym,72.3,Cut,Face Pull,Shoulders,52.5,9,472.5,68.25,0.9439834024896266
2025-07-05,27,Jul,College Gym,72.3,Cut,Face Pull,Shoulders,52.5,9,472.5,68.25,0.9439834024896266
2025-07-05,27,Jul,College Gym,72.3,Cut,Cable Crunches,Core,60.0,15,900.0,90.0,1.2448132780082988
2025-07-05,27,Jul,College Gym,72.3,Cut,Cable Crunches,Core,67.5,15,1012.5,101.25,1.4004149377593362
2025-07-05,27,Jul,College Gym,72.3,Cut,Cable Crunches,Core,67.5,15,1012.5,101.25,1.4004149377593362
2025-07-07,28,Jul,College Gym,72.05,Cut,Incline Dumbbell Press,Chest,20.0,10,200.0,26.666666666666664,0.3701133472125838
2025-07-07,28,Jul,College Gym,72.05,Cut,Incline Dumbbell Press,Chest,20.0,8,160.0,25.333333333333332,0.3516076798519547
2025-07-07,28,Jul,College Gym,72.05,Cut,Incline Dumbbell Press,Chest,20.0,7,140.0,24.666666666666668,0.3423548461716401
2025-07-07,28,Jul,College Gym,72.05,Cut,Dumbbell Press,Chest,20.0,6,120.0,24.0,0.3331020124913255
2025-07-07,28,Jul,College Gym,72.05,Cut,Dumbbell Press,Chest,20.0,6,120.0,24.0,0.3331020124913255
2025-07-07,28,Jul,College Gym,72.05,Cut,Dumbbell Press,Chest,20.0,6,120.0,24.0,0.3331020124913255
2025-07-07,28,Jul,College Gym,72.05,Cut,Cable Fly,Chest,30.0,8,240.0,38.0,0.527411519777932
2025-07-07,28,Jul,College Gym,72.05,Cut,Cable Fly,Chest,25.0,10,250.0,33.33333333333333,0.46264168401572975
2025-07-07,28,Jul,College Gym,72.05,Cut,Cable Fly,Chest,25.0,9,225.0,32.5,0.4510756419153366
2025-07-07,28,Jul,College Gym,72.05,Cut,Tricep Overhead Bar Extension,Triceps,25.0,7,175.0,30.833333333333336,0.4279435577145501
2025-07-07,28,Jul,College Gym,72.05,Cut,Tricep Overhead Bar Extension,Triceps,20.0,11,220.0,27.333333333333336,0.3793661808928985
2025-07-07,28,Jul,College Gym,72.05,Cut,Tricep Overhead Bar Extension,Triceps,25.0,6,150.0,30.0,0.41637751561415687
2025-07-07,28,Jul,College Gym,72.05,Cut,Tricep Overhead Bar Extension,Triceps,20.0,8,160.0,25.333333333333332,0.3516076798519547
2025-07-07,28,Jul,College Gym,72.05,Cut,Tricep Rope Pushdown,Triceps,37.5,10,375.0,50.0,0.6939625260235948
2025-07-07,28,Jul,College Gym,72.05,Cut,Tricep Rope Pushdown,Triceps,37.5,9,337.5,48.75,0.6766134628730048
2025-07-07,28,Jul,College Gym,72.05,Cut,Tricep Rope Pushdown,Triceps,37.5,10,375.0,50.0,0.6939625260235948
2025-07-07,28,Jul,College Gym,72.05,Cut,Tricep Rope Pushdown,Triceps,37.5,10,375.0,50.0,0.6939625260235948
2025-07-08,28,Jul,College Gym,71.6,Cut,V Bar Pulldown,Back,60.0,10,600.0,80.0,1.11731843575419
2025-07-08,28,Jul,College Gym,71.6,Cut,V Bar Pulldown,Back,60.0,9,540.0,78.0,1.0893854748603353
2025-07-08,28,Jul,College Gym,71.6,Cut,V Bar Pulldown,Back,60.0,7,420.0,74.0,1.0335195530726258
2025-07-08,28,Jul,College Gym,71.6,Cut,Single Arm Pulldown,Back,52.5,10,525.0,70.0,0.9776536312849162
2025-07-08,28,Jul,College Gym,71.6,Cut,Single Arm Pulldown,Back,52.5,11,577.5,71.75,1.0020949720670391
2025-07-08,28,Jul,College Gym,71.6,Cut,Single Arm Pulldown,Back,45.0,9,405.0,58.5,0.8170391061452514
2025-07-08,28,Jul,College Gym,71.6,Cut,Chest Supported Dumbbell Rows,Back,20.0,9,180.0,26.0,0.36312849162011174
2025-07-08,28,Jul,College Gym,71.6,Cut,Chest Supported Dumbbell Rows,Back,20.0,9,180.0,26.0,0.36312849162011174
2025-07-08,28,Jul,College Gym,71.6,Cut,Chest Supported Dumbbell Rows,Back,20.0,9,180.0,26.0,0.36312849162011174
2025-07-08,28,Jul,College Gym,71.6,Cut,Preacher Curl Dumbbell,Biceps,12.5,8,100.0,15.833333333333332,0.22113594040968343
2025-07-08,28,Jul,College Gym,71.6,Cut,Preacher Curl Dumbbell,Biceps,12.5,8,100.0,15.833333333333332,0.22113594040968343
2025-07-08,28,Jul,College Gym,71.6,Cut,Preacher Curl Dumbbell,Biceps,12.5,8,100.0,15.833333333333332,0.22113594040968343
2025-07-08,28,Jul,College Gym,71.6,Cut,Hammer Curls,Biceps,15.0,8,120.0,19.0,0.26536312849162014
2025-07-08,28,Jul,College Gym,71.6,Cut,Hammer Curls,Biceps,15.0,7,105.0,18.5,0.25837988826815644
2025-07-08,28,Jul,College Gym,71.6,Cut,Hammer Curls,Biceps,15.0,6,90.0,18.0,0.25139664804469275
2025-07-08,28,Jul,College Gym,71.6,Cut,Ez Bar Curl,Biceps,30.0,13,390.0,43.0,0.6005586592178771
2025-07-08,28,Jul,College Gym,71.6,Cut,Ez Bar Curl,Biceps,37.5,10,375.0,50.0,0.6983240223463688
2025-07-09,28,Jul,College Gym,71.5,Cut,Deadlift,Legs,30.0,7,210.0,37.0,0.5174825174825175
2025-07-09,28,Jul,College Gym,71.5,Cut,Deadlift,Legs,30.0,8,240.0,38.0,0.5314685314685315
2025-07-09,28,Jul,College Gym,71.5,Cut,Deadlift,Legs,30.0,6,180.0,36.0,0.5034965034965035
2025-07-09,28,Jul,College Gym,71.5,Cut,Leg Extension,Legs,85.0,12,1020.0,118.99999999999999,1.6643356643356642
2025-07-09,28,Jul,College Gym,71.5,Cut,Leg Extension,Legs,85.0,11,935.0,116.16666666666667,1.6247086247086249
2025-07-09,28,Jul,College Gym,71.5,Cut,Leg Extension,Legs,85.0,8,680.0,107.66666666666666,1.5058275058275057
2025-07-09,28,Jul,College Gym,71.5,Cut,Squats,Legs,32.5,8,260.0,41.166666666666664,0.5757575757575757
2025-07-09,28,Jul,College Gym,71.5,Cut,Squats,Legs,32.5,8,260.0,41.166666666666664,0.5757575757575757
2025-07-09,28,Jul,College Gym,71.5,Cut,Chest Supported Lateral Raises,Shoulders,10.0,12,120.0,14.0,0.1958041958041958
2025-07-09,28,Jul,College Gym,71.5,Cut,Chest Supported Lateral Raises,Shoulders,10.0,11,110.0,13.666666666666668,0.19114219114219116
2025-07-09,28,Jul,College Gym,71.5,Cut,Chest Supported Lateral Raises,Shoulders,10.0,8,80.0,12.666666666666666,0.17715617715617715
2025-07-09,28,Jul,College Gym,71.5,Cut,Face Pull,Shoulders,52.5,10,525.0,70.0,0.9790209790209791
2025-07-09,28,Jul,College Gym,71.5,Cut,Face Pull,Shoulders,52.5,10,525.0,70.0,0.9790209790209791
2025-07-09,28,Jul,College Gym,71.5,Cut,Face Pull,Shoulders,52.5,10,525.0,70.0,0.9790209790209791
2025-07-10,28,Jul,College Gym,71.65,Cut,Closegrip Benchpress Ez Bar,Triceps,20.0,5,100.0,23.333333333333336,0.32565712956501514
2025-07-10,28,Jul,College Gym,71.65,Cut,Closegrip Benchpress Ez Bar,Triceps,17.5,10,175.0,23.333333333333332,0.3256571295650151
2025-07-10,28,Jul,College Gym,71.65,Cut,Closegrip Benchpress Ez Bar,Triceps,17.5,9,157.5,22.75,0.31751570132588974
2025-07-10,28,Jul,College Gym,71.65,Cut,Tricep Overhead Bar Extension,Triceps,25.0,10,250.0,33.33333333333333,0.46522447080716434
2025-07-10,28,Jul,College Gym,71.65,Cut,Tricep Overhead Bar Extension,Triceps,25.0,8,200.0,31.666666666666664,0.4419632472668062
2025-07-10,28,Jul,College Gym,71.65,Cut,Tricep Overhead Bar Extension,Triceps,25.0,5,125.0,29.166666666666668,0.4070714119562689
2025-07-10,28,Jul,College Gym,71.65,Cut,Incline Curls,Biceps,12.5,10,125.0,16.666666666666664,0.23261223540358217
2025-07-10,28,Jul,College Gym,71.65,Cut,Incline Curls,Biceps,12.5,6,75.0,15.0,0.209351011863224
2025-07-10,28,Jul,College Gym,71.65,Cut,Incline Curls,Biceps,12.5,6,75.0,15.0,0.209351011863224
2025-07-10,28,Jul,College Gym,71.65,Cut,Rope Hammer Curls,Biceps,37.5,10,375.0,50.0,0.6978367062107467
2025-07-10,28,Jul,College Gym,71.65,Cut,Rope Hammer Curls,Biceps,37.5,11,412.5,51.25,0.7152826238660153
2025-07-10,28,Jul,College Gym,71.65,Cut,Rope Hammer Curls,Biceps,37.5,10,375.0,50.0,0.6978367062107467
2025-07-10,28,Jul,College Gym,71.65,Cut,Tricep Pushdown,Triceps,30.0,12,360.0,42.0,0.5861828332170271
2025-07-10,28,Jul,College Gym,71.65,Cut,Tricep Pushdown,Triceps,30.0,12,360.0,42.0,0.5861828332170271
2025-07-10,28,Jul,College Gym,71.65,Cut,Ez Bar Curl,Biceps,45.0,11,495.0,61.5,0.8583391486392183
2025-07-10,28,Jul,College Gym,71.65,Cut,Ez Bar Curl,Biceps,45.0,8,360.0,57.0,0.7955338450802512
2025-07-12,28,Jul,College Gym,71.45,Cut,Cable Lateral Raises,Shoulders,12.5,9,112.5,16.25,0.22743177046885935
2025-07-12,28,Jul,College Gym,71.45,Cut,Cable Lateral Raises,Shoulders,12.5,8,100.0,15.833333333333332,0.22160018661068343
2025-07-12,28,Jul,College Gym,71.45,Cut,Cable Lateral Raises,Shoulders,12.5,8,100.0,15.833333333333332,0.22160018661068343
2025-07-12,28,Jul,College Gym,71.45,Cut,Seated Lateral Raises,Shoulders,7.5,9,67.5,9.75,0.1364590622813156
2025-07-12,28,Jul,College Gym,71.45,Cut,Seated Lateral Raises,Shoulders,7.5,7,52.5,9.25,0.12946116165150454
2025-07-12,28,Jul,College Gym,71.45,Cut,Seated Lateral Raises,Shoulders,7.5,8,60.0,9.5,0.13296011196641008
2025-07-12,28,Jul,College Gym,71.45,Cut,Incline Chest Press Machine,Chest,50.0,10,500.0,66.66666666666666,0.9330534173081407
2025-07-12,28,Jul,College Gym,71.45,Cut,Incline Chest Press Machine,Chest,50.0,9,450.0,65.0,0.9097270818754374
2025-07-12,28,Jul,College Gym,71.45,Cut,Lat Pulldown,Back,50.0,11,550.0,68.33333333333333,0.9563797527408443
2025-07-12,28,Jul,College Gym,71.45,Cut,Lat Pulldown,Back,50.0,10,500.0,66.66666666666666,0.9330534173081407
2025-07-12,28,Jul,College Gym,71.45,Cut,Face Pull,Shoulders,52.5,14,735.0,77.0,1.0776766969909026
2025-07-12,28,Jul,College Gym,71.45,Cut,Face Pull,Shoulders,60.0,7,420.0,74.0,1.0356892932120363
2025-07-12,28,Jul,College Gym,71.45,Cut,Face Pull,Shoulders,60.0,8,480.0,76.0,1.0636808957312807
2025-07-12,28,Jul,College Gym,71.45,Cut,Cable Crunches,Core,67.5,15,1012.5,101.25,1.417074877536739
2025-07-12,28,Jul,College Gym,71.45,Cut,Cable Crunches,Core,75.0,8,600.0,95.0,1.3296011196641007
2025-07-12,28,Jul,College Gym,71.45,Cut,Cable Crunches,Core,75.0,8,600.0,95.0,1.3296011196641007
2025-07-14,29,Jul,College Gym,72.05,Cut,Incline Dumbbell Press,Chest,20.0,11,220.0,27.333333333333336,0.3793661808928985
2025-07-14,29,Jul,College Gym,72.05,Cut,Incline Dumbbell Press,Chest,20.0,9,180.0,26.0,0.3608605135322693
2025-07-14,29,Jul,College Gym,72.05,Cut,Incline Dumbbell Press,Chest,20.0,7,140.0,24.666666666666668,0.3423548461716401
2025-07-14,29,Jul,College Gym,72.05,Cut,Dumbbell Press,Chest,20.0,7,140.0,24.666666666666668,0.3423548461716401
2025-07-14,29,Jul,College Gym,72.05,Cut,Dumbbell Press,Chest,20.0,5,100.0,23.333333333333336,0.32384917881101094
2025-07-14,29,Jul,College Gym,72.05,Cut,Dumbbell Press,Chest,20.0,6,120.0,24.0,0.3331020124913255
2025-07-14,29,Jul,College Gym,72.05,Cut,Cable Fly,Chest,30.0,8,240.0,38.0,0.527411519777932
2025-07-14,29,Jul,College Gym,72.05,Cut,Cable Fly,Chest,25.0,11,275.0,34.166666666666664,0.47420772611612305
2025-07-14,29,Jul,College Gym,72.05,Cut,Cable Fly,Chest,25.0,9,225.0,32.5,0.4510756419153366
2025-07-14,29,Jul,College Gym,72.05,Cut,Tricep Overhead Bar Extension,Triceps,25.0,9,225.0,32.5,0.4510756419153366
2025-07-14,29,Jul,College Gym,72.05,Cut,Tricep Overhead Bar Extension,Triceps,25.0,7,175.0,30.833333333333336,0.4279435577145501
2025-07-14,29,Jul,College Gym,72.05,Cut,Tricep Overhead Bar Extension,Triceps,25.0,6,150.0,30.0,0.41637751561415687
2025-07-14,29,Jul,College Gym,72.05,Cut,Tricep Rope Pushdown,Triceps,45.0,8,360.0,57.0,0.791117279666898
2025-07-14,29,Jul,College Gym,72.05,Cut,Tricep Rope Pushdown,Triceps,45.0,8,360.0,57.0,0.791117279666898
2025-07-14,29,Jul,College Gym,72.05,Cut,Tricep Rope Pushdown,Triceps,45.0,8,360.0,57.0,0.791117279666898
2025-07-14,29,Jul,College Gym,72.05,Cut,Tricep Pushdown,Triceps,25.0,8,200.0,31.666666666666664,0.4395095998149433
2025-07-14,29,Jul,College Gym,72.05,Cut,Tricep Pushdown,Triceps,25.0,12,300.0,35.0,0.4857737682165163
2025-07-16,29,Jul,College Gym,71.0,Cut,V Bar Pulldown,Back,65.0,6,390.0,78.0,1.0985915492957747
2025-07-16,29,Jul,College Gym,71.0,Cut,V Bar Pulldown,Back,65.0,6,390.0,78.0,1.0985915492957747
2025-07-16,29,Jul,College Gym,71.0,Cut,V Bar Pulldown,Back,60.0,10,600.0,80.0,1.1267605633802817
2025-07-16,29,Jul,College Gym,71.0,Cut,Single Arm Pulldown,Back,52.5,11,577.5,71.75,1.0105633802816902
2025-07-16,29,Jul,College Gym,71.0,Cut,Single Arm Pulldown,Back,52.5,10,525.0,70.0,0.9859154929577465
2025-07-16,29,Jul,College Gym,71.0,Cut,Single Arm Pulldown,Back,52.5,9,472.5,68.25,0.9612676056338029
2025-07-16,29,Jul,College Gym,71.0,Cut,Barbell Rowing,Back,15.0,10,150.0,20.0,0.28169014084507044
2025-07-16,29,Jul,College Gym,71.0,Cut,Barbell Rowing,Back,15.0,11,165.0,20.5,0.2887323943661972
2025-07-16,29,Jul,College Gym,71.0,Cut,Cable Lat Pullovers,Back,37.5,8,300.0,47.5,0.6690140845070423
2025-07-16,29,Jul,College Gym,71.0,Cut,Cable Lat Pullovers,Back,37.5,7,262.5,46.25,0.6514084507042254
2025-07-16,29,Jul,College Gym,71.0,Cut,Preacher Curl Dumbbell,Biceps,12.5,10,125.0,16.666666666666664,0.23474178403755866
2025-07-16,29,Jul,College Gym,71.0,Cut,Preacher Curl Dumbbell,Biceps,12.5,9,112.5,16.25,0.22887323943661972
2025-07-16,29,Jul,College Gym,71.0,Cut,Preacher Curl Dumbbell,Biceps,12.5,8,100.0,15.833333333333332,0.22300469483568072
2025-07-16,29,Jul,College Gym,71.0,Cut,Hammer Curls,Biceps,15.0,9,135.0,19.5,0.2746478873239437
2025-07-16,29,Jul,College Gym,71.0,Cut,Hammer Curls,Biceps,15.0,8,120.0,19.0,0.2676056338028169
2025-07-16,29,Jul,College Gym,71.0,Cut,Hammer Curls,Biceps,15.0,7,105.0,18.5,0.2605633802816901
2025-07-16,29,Jul,College Gym,71.0,Cut,Ez Bar Curl,Biceps,52.5,6,315.0,63.0,0.8873239436619719
2025-07-16,29,Jul,College Gym,71.0,Cut,Ez Bar Curl,Biceps,52.5,6,315.0,63.0,0.8873239436619719
2025-07-18,29,Jul,College Gym,71.25,Cut,Deadlift,Legs,30.0,14,420.0,44.0,0.6175438596491228
2025-07-18,29,Jul,College Gym,71.25,Cut,Deadlift,Legs,35.0,7,245.0,43.16666666666667,0.6058479532163743
2025-07-18,29,Jul,College Gym,71.25,Cut,Deadlift,Legs,35.0,6,210.0,42.0,0.5894736842105263
2025-07-18,29,Jul,College Gym,71.25,Cut,Leg Extension,Legs,85.0,12,1020.0,118.99999999999999,1.670175438596491
2025-07-18,29,Jul,College Gym,71.25,Cut,Leg Extension,Legs,85.0,11,935.0,116.16666666666667,1.6304093567251463
2025-07-18,29,Jul,College Gym,71.25,Cut,Leg Extension,Legs,85.0,9,765.0,110.5,1.550877192982456
2025-07-18,29,Jul,College Gym,71.25,Cut,Squats,Legs,32.5,9,292.5,42.25,0.5929824561403508
2025-07-18,29,Jul,College Gym,71.25,Cut,Squats,Legs,32.5,9,292.5,42.25,0.5929824561403508
2025-07-18,29,Jul,College Gym,71.25,Cut,Chest Supported Lateral Raises,Shoulders,10.0,11,110.0,13.666666666666668,0.19181286549707605
2025-07-18,29,Jul,College Gym,71.25,Cut,Chest Supported Lateral Raises,Shoulders,10.0,10,100.0,13.333333333333332,0.1871345029239766
2025-07-18,29,Jul,College Gym,71.25,Cut,Chest Supported Lateral Raises,Shoulders,10.0,7,70.0,12.333333333333334,0.17309941520467836
2025-07-18,29,Jul,College Gym,71.25,Cut,Dumbbell Rear Delts Fly,Shoulders,5.0,7,35.0,6.166666666666667,0.08654970760233918
2025-07-18,29,Jul,College Gym,71.25,Cut,Dumbbell Rear Delts Fly,Shoulders,2.5,12,30.0,3.5,0.04912280701754386
2025-07-18,29,Jul,College Gym,71.25,Cut,Dumbbell Rear Delts Fly,Shoulders,2.5,14,35.0,3.666666666666667,0.05146198830409357
2025-07-19,29,Jul,College Gym,71.0,Cut,Closegrip Benchpress Ez Bar,Triceps,20.0,7,140.0,24.666666666666668,0.3474178403755869
2025-07-19,29,Jul,College Gym,71.0,Cut,Closegrip Benchpress Ez Bar,Triceps,17.5,10,175.0,23.333333333333332,0.32863849765258213
2025-07-19,29,Jul,College Gym,71.0,Cut,Closegrip Benchpress Ez Bar,Triceps,17.5,8,140.0,22.166666666666664,0.312206572769953
2025-07-19,29,Jul,College Gym,71.0,Cut,Tricep Overhead Bar Extension,Triceps,25.0,10,250.0,33.33333333333333,0.4694835680751173
2025-07-19,29,Jul,College Gym,71.0,Cut,Tricep Overhead Bar Extension,Triceps,25.0,9,225.0,32.5,0.45774647887323944
2025-07-19,29,Jul,College Gym,71.0,Cut,Tricep Overhead Bar Extension,Triceps,25.0,6,150.0,30.0,0.4225352112676056
2025-07-19,29,Jul,College Gym,71.0,Cut,Incline Curls,Biceps,12.5,9,112.5,16.25,0.22887323943661972
2025-07-19,29,Jul,College Gym,71.0,Cut,Incline Curls,Biceps,12.5,6,75.0,15.0,0.2112676056338028
2025-07-19,29,Jul,College Gym,71.0,Cut,Incline Curls,Biceps,12.5,6,75.0,15.0,0.2112676056338028
2025-07-19,29,Jul,College Gym,71.0,Cut,Rope Hammer Curls,Biceps,37.5,11,412.5,51.25,0.721830985915493
2025-07-19,29,Jul,College Gym,71.0,Cut,Rope Hammer Curls,Biceps,37.5,11,412.5,51.25,0.721830985915493
2025-07-19,29,Jul,College Gym,71.0,Cut,Rope Hammer Curls,Biceps,37.5,11,412.5,51.25,0.721830985915493
2025-07-19,29,Jul,College Gym,71.0,Cut,Tricep Pushdown,Triceps,37.5,8,300.0,47.5,0.6690140845070423
2025-07-19,29,Jul,College Gym,71.0,Cut,Tricep Pushdown,Triceps,37.5,10,375.0,50.0,0.704225352112676
2025-07-19,29,Jul,College Gym,71.0,Cut,Ez Bar Curl,Biceps,52.5,7,367.5,64.75,0.9119718309859155
2025-07-19,29,Jul,College Gym,71.0,Cut,Ez Bar Curl,Biceps,45.0,8,360.0,57.0,0.8028169014084507
2025-07-21,30,Jul,College Gym,70.85,Cut,Incline Dumbbell Press,Chest,20.0,11,220.0,27.333333333333336,0.38579157845212897
2025-07-21,30,Jul,College Gym,70.85,Cut,Incline Dumbbell Press,Chest,20.0,9,180.0,26.0,0.3669724770642202
2025-07-21,30,Jul,College Gym,70.85,Cut,Incline Dumbbell Press,Chest,25.0,7,175.0,30.833333333333336,0.4351917195953894
2025-07-21,30,Jul,College Gym,70.85,Cut,Dumbbell Press,Chest,20.0,7,140.0,24.666666666666668,0.3481533756763115
2025-07-21,30,Jul,College Gym,70.85,Cut,Dumbbell Press,Chest,20.0,5,100.0,23.333333333333336,0.3293342742884028
2025-07-21,30,Jul,College Gym,70.85,Cut,Dumbbell Press,Chest,20.0,5,100.0,23.333333333333336,0.3293342742884028
2025-07-21,30,Jul,College Gym,70.85,Cut,Cable Fly,Chest,25.0,11,275.0,34.166666666666664,0.48223947306516113
2025-07-21,30,Jul,College Gym,70.85,Cut,Cable Fly,Chest,25.0,11,275.0,34.166666666666664,0.48223947306516113
2025-07-21,30,Jul,College Gym,70.85,Cut,Cable Fly,Chest,25.0,7,175.0,30.833333333333336,0.4351917195953894
2025-07-21,30,Jul,College Gym,70.85,Cut,Tricep Overhead Bar Extension,Triceps,25.0,8,200.0,31.666666666666664,0.44695365796283226
2025-07-21,30,Jul,College Gym,70.85,Cut,Tricep Overhead Bar Extension,Triceps,25.0,8,200.0,31.666666666666664,0.44695365796283226
2025-07-21,30,Jul,College Gym,70.85,Cut,Tricep Overhead Bar Extension,Triceps,25.0,7,175.0,30.833333333333336,0.4351917195953894
2025-07-21,30,Jul,College Gym,70.85,Cut,Tricep Rope Pushdown,Triceps,45.0,10,450.0,60.0,0.8468595624558928
2025-07-21,30,Jul,College Gym,70.85,Cut,Tricep Rope Pushdown,Triceps,45.0,10,450.0,60.0,0.8468595624558928
2025-07-21,30,Jul,College Gym,70.85,Cut,Tricep Rope Pushdown,Triceps,45.0,8,360.0,57.0,0.8045165843330981
2025-07-21,30,Jul,College Gym,70.85,Cut,Tricep Pushdown,Triceps,30.0,10,300.0,40.0,0.5645730416372619
2025-07-21,30,Jul,College Gym,70.85,Cut,Tricep Pushdown,Triceps,30.0,9,270.0,39.0,0.5504587155963303
2025-07-25,30,Jul,College Gym,70.35,Cut,V Bar Pulldown,Back,65.0,7,455.0,80.16666666666667,1.1395403932717367
2025-07-25,30,Jul,College Gym,70.35,Cut,V Bar Pulldown,Back,65.0,7,455.0,80.16666666666667,1.1395403932717367
2025-07-25,30,Jul,College Gym,70.35,Cut,V Bar Pulldown,Back,65.0,7,455.0,80.16666666666667,1.1395403932717367
2025-07-25,30,Jul,College Gym,70.35,Cut,Single Arm Pulldown,Back,52.5,11,577.5,71.75,1.019900497512438
2025-07-25,30,Jul,College Gym,70.35,Cut,Single Arm Pulldown,Back,52.5,10,525.0,70.0,0.9950248756218907
2025-07-25,30,Jul,College Gym,70.35,Cut,Single Arm Pulldown,Back,52.5,9,472.5,68.25,0.9701492537313433
2025-07-25,30,Jul,College Gym,70.35,Cut,Barbell Rowing,Back,17.5,8,140.0,22.166666666666664,0.3150912106135987
2025-07-25,30,Jul,College Gym,70.35,Cut,Barbell Rowing,Back,17.5,7,122.5,21.583333333333336,0.30679933665008297
2025-07-25,30,Jul,College Gym,70.35,Cut,Cable Lat Pullovers,Back,37.5,9,337.5,48.75,0.6929637526652452
2025-07-25,30,Jul,College Gym,70.35,Cut,Cable Lat Pullovers,Back,37.5,9,337.5,48.75,0.6929637526652452
2025-07-25,30,Jul,College Gym,70.35,Cut,Preacher Curl Dumbbell,Biceps,12.5,11,137.5,17.083333333333332,0.24283345178867566
2025-07-25,30,Jul,College Gym,70.35,Cut,Preacher Curl Dumbbell,Biceps,12.5,10,125.0,16.666666666666664,0.23691068467187867
2025-07-25,30,Jul,College Gym,70.35,Cut,Preacher Curl Dumbbell,Biceps,12.5,6,75.0,15.0,0.21321961620469085
2025-07-25,30,Jul,College Gym,70.35,Cut,Hammer Curls,Biceps,15.0,8,120.0,19.0,0.27007818052594174
2025-07-25,30,Jul,College Gym,70.35,Cut,Hammer Curls,Biceps,15.0,7,105.0,18.5,0.2629708599857854
2025-07-25,30,Jul,College Gym,70.35,Cut,Hammer Curls,Biceps,15.0,6,90.0,18.0,0.255863539445629
2025-07-25,30,Jul,College Gym,70.35,Cut,Ez Bar Curl,Biceps,52.5,7,367.5,64.75,0.9203980099502488
2025-07-25,30,Jul,College Gym,70.35,Cut,Ez Bar Curl,Biceps,45.0,8,360.0,57.0,0.8102345415778253
2025-07-26,30,Jul,College Gym,70.1,Cut,Deadlift,Legs,35.0,8,280.0,44.33333333333333,0.6324298621017593
2025-07-26,30,Jul,College Gym,70.1,Cut,Deadlift,Legs,35.0,9,315.0,45.5,0.6490727532097005
2025-07-26,30,Jul,College Gym,70.1,Cut,Deadlift,Legs,35.0,7,245.0,43.16666666666667,0.6157869709938185
2025-07-26,30,Jul,College Gym,70.1,Cut,Leg Extension,Legs,85.0,13,1105.0,121.83333333333333,1.737993342843557
2025-07-26,30,Jul,College Gym,70.1,Cut,Leg Extension,Legs,85.0,12,1020.0,118.99999999999999,1.6975748930099857
2025-07-26,30,Jul,College Gym,70.1,Cut,Leg Extension,Legs,85.0,8,680.0,107.66666666666666,1.5359010936757014
2025-07-26,30,Jul,College Gym,70.1,Cut,Squats,Legs,32.5,9,292.5,42.25,0.6027104136947219
2025-07-26,30,Jul,College Gym,70.1,Cut,Squats,Legs,32.5,8,260.0,41.166666666666664,0.5872563005230623
2025-07-26,30,Jul,College Gym,70.1,Cut,Chest Supported Lateral Raises,Shoulders,10.0,10,100.0,13.333333333333332,0.1902044698050404
2025-07-26,30,Jul,College Gym,70.1,Cut,Chest Supported Lateral Raises,Shoulders,10.0,8,80.0,12.666666666666666,0.1806942463147884
2025-07-26,30,Jul,College Gym,70.1,Cut,Chest Supported Lateral Raises,Shoulders,10.0,6,60.0,12.0,0.1711840228245364
2025-07-26,30,Jul,College Gym,70.1,Cut,Dumbbell Rear Delts Fly,Shoulders,5.0,6,30.0,6.0,0.0855920114122682
2025-07-26,30,Jul,College Gym,70.1,Cut,Dumbbell Rear Delts Fly,Shoulders,2.0,8,16.0,2.533333333333333,0.036138849262957684
2025-07-26,30,Jul,College Gym,70.1,Cut,Dumbbell Rear Delts Fly,Shoulders,2.0,8,16.0,2.533333333333333,0.036138849262957684
2025-07-28,31,Jul,College Gym,69.95,Cut,Incline Dumbbell Press,Chest,20.0,11,220.0,27.333333333333336,0.39075530140576603
2025-07-28,31,Jul,College Gym,69.95,Cut,Incline Dumbbell Press,Chest,20.0,9,180.0,26.0,0.3716940671908506
2025-07-28,31,Jul,College Gym,69.95,Cut,Incline Dumbbell Press,Chest,20.0,8,160.0,25.333333333333332,0.36216345008339285
2025-07-28,31,Jul,College Gym,69.95,Cut,Dumbbell Press,Chest,20.0,7,140.0,24.666666666666668,0.3526328329759352
2025-07-28,31,Jul,College Gym,69.95,Cut,Dumbbell Press,Chest,20.0,7,140.0,24.666666666666668,0.3526328329759352
2025-07-28,31,Jul,College Gym,69.95,Cut,Dumbbell Press,Chest,20.0,6,120.0,24.0,0.34310221586847744
2025-07-28,31,Jul,College Gym,69.95,Cut,Cable Fly,Chest,25.0,12,300.0,35.0,0.5003573981415297
2025-07-28,31,Jul,College Gym,69.95,Cut,Cable Fly,Chest,25.0,11,275.0,34.166666666666664,0.4884441267572075
2025-07-28,31,Jul,College Gym,69.95,Cut,Cable Fly,Chest,25.0,8,200.0,31.666666666666664,0.4527043126042411
2025-07-28,31,Jul,College Gym,69.95,Cut,Tricep Overhead Bar Extension,Triceps,25.0,7,175.0,30.833333333333336,0.440791041219919
2025-07-28,31,Jul,College Gym,69.95,Cut,Tricep Overhead Bar Extension,Triceps,25.0,7,175.0,30.833333333333336,0.440791041219919
2025-07-28,31,Jul,College Gym,69.95,Cut,Tricep Overhead Bar Extension,Triceps,25.0,5,125.0,29.166666666666668,0.4169644984512747
2025-07-28,31,Jul,College Gym,69.95,Cut,Tricep Rope Pushdown,Triceps,45.0,11,495.0,61.5,0.8791994281629735
2025-07-28,31,Jul,College Gym,69.95,Cut,Tricep Rope Pushdown,Triceps,45.0,10,450.0,60.0,0.8577555396711937
2025-07-28,31,Jul,College Gym,69.95,Cut,Tricep Rope Pushdown,Triceps,45.0,9,405.0,58.5,0.8363116511794139
2025-07-28,31,Jul,College Gym,69.95,Cut,Tricep Pushdown,Triceps,30.0,12,360.0,42.0,0.6004288777698356
2025-07-28,31,Jul,College Gym,69.95,Cut,Tricep Pushdown,Triceps,37.5,8,300.0,47.5,0.6790564689063616
2025-07-30,31,Jul,College Gym,70.15,Cut,V Bar Pulldown,Back,65.0,8,520.0,82.33333333333333,1.1736754573532904
2025-07-30,31,Jul,College Gym,70.15,Cut,V Bar Pulldown,Back,65.0,8,520.0,82.33333333333333,1.1736754573532904
2025-07-30,31,Jul,College Gym,70.15,Cut,V Bar Pulldown,Back,65.0,7,455.0,80.16666666666667,1.1427892611071513
2025-07-30,31,Jul,College Gym,70.15,Cut,Single Arm Pulldown,Back,45.0,10,450.0,60.0,0.8553100498930861
2025-07-30,31,Jul,College Gym,70.15,Cut,Single Arm Pulldown,Back,45.0,10,450.0,60.0,0.8553100498930861
2025-07-30,31,Jul,College Gym,70.15,Cut,Single Arm Pulldown,Back,45.0,11,495.0,61.5,0.8766928011404134
2025-07-30,31,Jul,College Gym,70.15,Cut,Barbell Rowing,Back,17.5,8,140.0,22.166666666666664,0.31598954621050124
2025-07-30,31,Jul,College Gym,70.15,Cut,Barbell Rowing,Back,17.5,8,140.0,22.166666666666664,0.31598954621050124
2025-07-30,31,Jul,College Gym,70.15,Cut,Cable Lat Pullovers,Back,30.0,7,210.0,37.0,0.5274411974340698
2025-07-30,31,Jul,College Gym,70.15,Cut,Cable Lat Pullovers,Back,30.0,7,210.0,37.0,0.5274411974340698
2025-07-30,31,Jul,College Gym,70.15,Cut,Preacher Curl Dumbbell,Biceps,12.5,12,150.0,17.5,0.2494654312188168
2025-07-30,31,Jul,College Gym,70.15,Cut,Preacher Curl Dumbbell,Biceps,12.5,12,150.0,17.5,0.2494654312188168
2025-07-30,31,Jul,College Gym,70.15,Cut,Preacher Curl Dumbbell,Biceps,12.5,8,100.0,15.833333333333332,0.2257068187217866
2025-07-30,31,Jul,College Gym,70.15,Cut,Seated Hammer Curls,Biceps,12.5,6,75.0,15.0,0.21382751247327153
2025-07-30,31,Jul,College Gym,70.15,Cut,Seated Hammer Curls,Biceps,12.5,7,87.5,15.416666666666668,0.2197671655975291
2025-07-30,31,Jul,College Gym,70.15,Cut,Seated Hammer Curls,Biceps,12.5,6,75.0,15.0,0.21382751247327153
2025-07-30,31,Jul,College Gym,70.15,Cut,Ez Bar Curl,Biceps,52.5,7,367.5,64.75,0.9230220955096221
2025-07-30,31,Jul,College Gym,70.15,Cut,Ez Bar Curl,Biceps,45.0,10,450.0,60.0,0.8553100498930861
2025-07-31,31,Jul,College Gym,70.0,Cut,Deadlift,Legs,35.0,6,210.0,42.0,0.6
2025-07-31,31,Jul,College Gym,70.0,Cut,Deadlift,Legs,35.0,7,245.0,43.16666666666667,0.6166666666666667
2025-07-31,31,Jul,College Gym,70.0,Cut,Deadlift,Legs,35.0,3,105.0,38.5,0.55
2025-07-31,31,Jul,College Gym,70.0,Cut,Leg Extension,Legs,85.0,15,1275.0,127.5,1.8214285714285714
2025-07-31,31,Jul,College Gym,70.0,Cut,Leg Extension,Legs,85.0,13,1105.0,121.83333333333333,1.7404761904761905
2025-07-31,31,Jul,College Gym,70.0,Cut,Leg Extension,Legs,85.0,12,1020.0,118.99999999999999,1.6999999999999997
2025-07-31,31,Jul,College Gym,70.0,Cut,Squats,Legs,32.5,8,260.0,41.166666666666664,0.5880952380952381
2025-07-31,31,Jul,College Gym,70.0,Cut,Squats,Legs,32.5,9,292.5,42.25,0.6035714285714285
2025-07-31,31,Jul,College Gym,70.0,Cut,Chest Supported Lateral Raises,Shoulders,10.0,10,100.0,13.333333333333332,0.19047619047619047
2025-07-31,31,Jul,College Gym,70.0,Cut,Chest Supported Lateral Raises,Shoulders,10.0,8,80.0,12.666666666666666,0.18095238095238095
2025-07-31,31,Jul,College Gym,70.0,Cut,Chest Supported Lateral Raises,Shoulders,10.0,7,70.0,12.333333333333334,0.1761904761904762
2025-07-31,31,Jul,College Gym,70.0,Cut,Chest Supported Rear Delts Rows,Shoulders,5.0,11,55.0,6.833333333333334,0.09761904761904763
2025-07-31,31,Jul,College Gym,70.0,Cut,Chest Supported Rear Delts Rows,Shoulders,7.5,10,75.0,10.0,0.14285714285714285
2025-07-31,31,Jul,College Gym,70.0,Cut,Chest Supported Rear Delts Rows,Shoulders,7.5,8,60.0,9.5,0.1357142857142857
2025-08-01,31,Aug,College Gym,69.5,Cut,Closegrip Benchpress Ez Bar,Triceps,20.0,7,140.0,24.666666666666668,0.354916067146283
2025-08-01,31,Aug,College Gym,69.5,Cut,Closegrip Benchpress Ez Bar,Triceps,20.0,6,120.0,24.0,0.34532374100719426
2025-08-01,31,Aug,College Gym,69.5,Cut,Closegrip Benchpress Ez Bar,Triceps,17.5,7,122.5,21.583333333333336,0.3105515587529976
2025-08-01,31,Aug,College Gym,69.5,Cut,Tricep Overhead Bar Extension,Triceps,25.0,9,225.0,32.5,0.4676258992805755
2025-08-01,31,Aug,College Gym,69.5,Cut,Tricep Overhead Bar Extension,Triceps,25.0,6,150.0,30.0,0.4316546762589928
2025-08-01,31,Aug,College Gym,69.5,Cut,Tricep Overhead Bar Extension,Triceps,25.0,6,150.0,30.0,0.4316546762589928
2025-08-01,31,Aug,College Gym,69.5,Cut,Incline Curls,Biceps,12.5,10,125.0,16.666666666666664,0.23980815347721818
2025-08-01,31,Aug,College Gym,69.5,Cut,Incline Curls,Biceps,12.5,8,100.0,15.833333333333332,0.22781774580335729
2025-08-01,31,Aug,College Gym,69.5,Cut,Incline Curls,Biceps,12.5,7,87.5,15.416666666666668,0.22182254196642687
2025-08-01,31,Aug,College Gym,69.5,Cut,Rope Hammer Curls,Biceps,37.5,12,450.0,52.5,0.7553956834532374
2025-08-01,31,Aug,College Gym,69.5,Cut,Rope Hammer Curls,Biceps,45.0,8,360.0,57.0,0.8201438848920863
2025-08-01,31,Aug,College Gym,69.5,Cut,Rope Hammer Curls,Biceps,45.0,6,270.0,54.0,0.7769784172661871
2025-08-01,31,Aug,College Gym,69.5,Cut,Tricep Pushdown,Triceps,37.5,12,450.0,52.5,0.7553956834532374
2025-08-01,31,Aug,College Gym,69.5,Cut,Tricep Pushdown,Triceps,45.0,8,360.0,57.0,0.8201438848920863
2025-08-01,31,Aug,College Gym,69.5,Cut,Ez Bar Curl,Biceps,52.5,9,472.5,68.25,0.9820143884892086
2025-08-01,31,Aug,College Gym,69.5,Cut,Ez Bar Curl,Biceps,52.5,7,367.5,64.75,0.9316546762589928
2025-08-02,31,Aug,College Gym,69.6,Cut,Cable Lateral Raises,Shoulders,12.5,10,125.0,16.666666666666664,0.23946360153256704
2025-08-02,31,Aug,College Gym,69.6,Cut,Cable Lateral Raises,Shoulders,12.5,9,112.5,16.25,0.2334770114942529
2025-08-02,31,Aug,College Gym,69.6,Cut,Cable Lateral Raises,Shoulders,12.5,8,100.0,15.833333333333332,0.2274904214559387
2025-08-02,31,Aug,College Gym,69.6,Cut,Seated Lateral Raises,Shoulders,7.5,7,52.5,9.25,0.13290229885057472
2025-08-02,31,Aug,College Gym,69.6,Cut,Seated Lateral Raises,Shoulders,7.5,7,52.5,9.25,0.13290229885057472
2025-08-02,31,Aug,College Gym,69.6,Cut,Seated Lateral Raises,Shoulders,7.5,7,52.5,9.25,0.13290229885057472
2025-08-02,31,Aug,College Gym,69.6,Cut,Incline Chest Press Machine,Chest,55.0,6,330.0,66.0,0.9482758620689656
2025-08-02,31,Aug,College Gym,69.6,Cut,Incline Chest Press Machine,Chest,55.0,6,330.0,66.0,0.9482758620689656
2025-08-02,31,Aug,College Gym,69.6,Cut,Lat Pulldown,Back,55.0,9,495.0,71.5,1.0272988505747127
2025-08-02,31,Aug,College Gym,69.6,Cut,Lat Pulldown,Back,60.0,6,360.0,72.0,1.0344827586206897
2025-08-02,31,Aug,College Gym,69.6,Cut,Face Pull,Shoulders,60.0,7,420.0,74.0,1.0632183908045978
2025-08-02,31,Aug,College Gym,69.6,Cut,Face Pull,Shoulders,52.5,8,420.0,66.5,0.9554597701149427
2025-08-02,31,Aug,College Gym,69.6,Cut,Face Pull,Shoulders,52.5,6,315.0,63.0,0.9051724137931035
2025-08-04,32,Aug,College Gym,69.45,Cut,Incline Dumbbell Press,Chest,20.0,11,220.0,27.333333333333336,0.3935685145188385
2025-08-04,32,Aug,College Gym,69.45,Cut,Incline Dumbbell Press,Chest,20.0,9,180.0,26.0,0.3743700503959683
2025-08-04,32,Aug,College Gym,69.45,Cut,Incline Dumbbell Press,Chest,20.0,6,120.0,24.0,0.34557235421166305
2025-08-04,32,Aug,College Gym,69.45,Cut,Dumbbell Press,Chest,20.0,7,140.0,24.666666666666668,0.35517158627309814
2025-08-04,32,Aug,College Gym,69.45,Cut,Dumbbell Press,Chest,20.0,6,120.0,24.0,0.34557235421166305
2025-08-04,32,Aug,College Gym,69.45,Cut,Dumbbell Press,Chest,20.0,4,80.0,22.666666666666664,0.32637389008879286
2025-08-04,32,Aug,College Gym,69.45,Cut,Cable Fly,Chest,25.0,13,325.0,35.833333333333336,0.5159587233021359
2025-08-04,32,Aug,College Gym,69.45,Cut,Cable Fly,Chest,25.0,12,300.0,35.0,0.5039596832253419
2025-08-04,32,Aug,College Gym,69.45,Cut,Cable Fly,Chest,25.0,11,275.0,34.166666666666664,0.49196064314854804
2025-08-05,32,Aug,College Gym,69.95,Cut,V Bar Pulldown,Back,65.0,8,520.0,82.33333333333333,1.1770312127710267
2025-08-05,32,Aug,College Gym,69.95,Cut,V Bar Pulldown,Back,65.0,8,520.0,82.33333333333333,1.1770312127710267
2025-08-05,32,Aug,College Gym,69.95,Cut,V Bar Pulldown,Back,65.0,6,390.0,78.0,1.1150822015725517
2025-08-05,32,Aug,College Gym,69.95,Cut,Single Arm Pulldown,Back,45.0,12,540.0,62.99999999999999,0.9006433166547533
2025-08-05,32,Aug,College Gym,69.95,Cut,Single Arm Pulldown,Back,52.5,8,420.0,66.5,0.9506790564689063
2025-08-05,32,Aug,College Gym,69.95,Cut,Single Arm Pulldown,Back,52.5,7,367.5,64.75,0.9256611865618298
2025-08-05,32,Aug,College Gym,69.95,Cut,Cable Lat Pullovers,Back,37.5,11,412.5,51.25,0.7326661901358112
2025-08-05,32,Aug,College Gym,69.95,Cut,Cable Lat Pullovers,Back,37.5,12,450.0,52.5,0.7505360972122944
2025-08-05,32,Aug,College Gym,69.95,Cut,Chest Supported Dumbbell Rows,Back,17.5,9,157.5,22.75,0.3252323087919943
2025-08-05,32,Aug,College Gym,69.95,Cut,Chest Supported Dumbbell Rows,Back,17.5,9,157.5,22.75,0.3252323087919943
2025-08-05,32,Aug,College Gym,69.95,Cut,Chest Supported Dumbbell Rows,Back,12.5,10,125.0,16.666666666666664,0.23826542768644265
2025-08-05,32,Aug,College Gym,69.95,Cut,Preacher Curl Dumbbell,Biceps,12.5,13,162.5,17.916666666666668,0.2561353347629259
2025-08-05,32,Aug,College Gym,69.95,Cut,Preacher Curl Dumbbell,Biceps,12.5,10,125.0,16.666666666666664,0.23826542768644265
2025-08-05,32,Aug,College Gym,69.95,Cut,Preacher Curl Dumbbell,Biceps,12.5,10,125.0,16.666666666666664,0.23826542768644265
2025-08-05,32,Aug,College Gym,69.95,Cut,Seated Hammer Curls,Biceps,12.5,10,125.0,16.666666666666664,0.23826542768644265
2025-08-05,32,Aug,College Gym,69.95,Cut,Seated Hammer Curls,Biceps,12.5,8,100.0,15.833333333333332,0.22635215630212055
2025-08-05,32,Aug,College Gym,69.95,Cut,Seated Hammer Curls,Biceps,12.5,8,100.0,15.833333333333332,0.22635215630212055
2025-08-07,32,Aug,College Gym,69.45,Cut,Deadlift,Legs,35.0,7,245.0,43.16666666666667,0.6215502759779218
2025-08-07,32,Aug,College Gym,69.45,Cut,Deadlift,Legs,35.0,6,210.0,42.0,0.6047516198704104
2025-08-07,32,Aug,College Gym,69.45,Cut,Deadlift,Legs,35.0,4,140.0,39.666666666666664,0.5711543076553875
2025-08-07,32,Aug,College Gym,69.45,Cut,Leg Press,Legs,35.0,12,420.0,49.0,0.7055435565154787
2025-08-07,32,Aug,College Gym,69.45,Cut,Leg Press,Legs,45.0,9,405.0,58.5,0.8423326133909287
2025-08-07,32,Aug,College Gym,69.45,Cut,Leg Press,Legs,45.0,9,405.0,58.5,0.8423326133909287
2025-08-07,32,Aug,College Gym,69.45,Cut,Leg Extension,Legs,65.0,12,780.0,91.0,1.310295176385889
2025-08-07,32,Aug,College Gym,69.45,Cut,Leg Extension,Legs,70.0,12,840.0,98.0,1.4110871130309575
2025-08-07,32,Aug,College Gym,69.45,Cut,Chest Supported Lateral Raises,Shoulders,10.0,11,110.0,13.666666666666668,0.19678425725941925
2025-08-07,32,Aug,College Gym,69.45,Cut,Chest Supported Lateral Raises,Shoulders,10.0,8,80.0,12.666666666666666,0.18238540916726662
2025-08-07,32,Aug,College Gym,69.45,Cut,Chest Supported Lateral Raises,Shoulders,10.0,7,70.0,12.333333333333334,0.17758579313654907
2025-08-07,32,Aug,College Gym,69.45,Cut,Chest Supported Rear Delts Rows,Shoulders,7.5,12,90.0,10.5,0.1511879049676026
2025-08-07,32,Aug,College Gym,69.45,Cut,Chest Supported Rear Delts Rows,Shoulders,7.5,10,75.0,10.0,0.14398848092152627
2025-08-07,32,Aug,College Gym,69.45,Cut,Chest Supported Rear Delts Rows,Shoulders,7.5,11,82.5,10.25,0.14758819294456443
2025-08-09,32,Aug,College Gym,69.05,Cut,Closegrip Benchpress Ez Bar,Triceps,20.0,7,140.0,24.666666666666668,0.3572290610668598
2025-08-09,32,Aug,College Gym,69.05,Cut,Closegrip Benchpress Ez Bar,Triceps,20.0,6,120.0,24.0,0.34757422157856627
2025-08-09,32,Aug,College Gym,69.05,Cut,Closegrip Benchpress Ez Bar,Triceps,17.5,7,122.5,21.583333333333336,0.31257542843350233
2025-08-09,32,Aug,College Gym,69.05,Cut,Tricep Overhead Bar Extension,Triceps,25.0,11,275.0,34.166666666666664,0.4948105237750422
2025-08-09,32,Aug,College Gym,69.05,Cut,Tricep Overhead Bar Extension,Triceps,25.0,7,175.0,30.833333333333336,0.44653632633357476
2025-08-09,32,Aug,College Gym,69.05,Cut,Tricep Overhead Bar Extension,Triceps,25.0,7,175.0,30.833333333333336,0.44653632633357476
2025-08-09,32,Aug,College Gym,69.05,Cut,Incline Curls,Biceps,12.5,11,137.5,17.083333333333332,0.2474052618875211
2025-08-09,32,Aug,College Gym,69.05,Cut,Incline Curls,Biceps,12.5,9,112.5,16.25,0.23533671252715424
2025-08-09,32,Aug,College Gym,69.05,Cut,Incline Curls,Biceps,12.5,7,87.5,15.416666666666668,0.22326816316678738
2025-08-09,32,Aug,College Gym,69.05,Cut,Rope Hammer Curls,Biceps,45.0,10,450.0,60.0,0.8689355539464156
2025-08-09,32,Aug,College Gym,69.05,Cut,Rope Hammer Curls,Biceps,45.0,9,405.0,58.5,0.8472121650977553
2025-08-09,32,Aug,College Gym,69.05,Cut,Rope Hammer Curls,Biceps,45.0,8,360.0,57.0,0.8254887762490949
2025-08-09,32,Aug,College Gym,69.05,Cut,Tricep Pushdown,Triceps,45.0,8,360.0,57.0,0.8254887762490949
2025-08-09,32,Aug,College Gym,69.05,Cut,Tricep Pushdown,Triceps,45.0,9,405.0,58.5,0.8472121650977553
2025-08-09,32,Aug,College Gym,69.05,Cut,Ez Bar Curl,Biceps,37.5,8,300.0,47.5,0.6879073135409124
2025-08-09,32,Aug,College Gym,69.05,Cut,Ez Bar Curl,Biceps,37.5,8,300.0,47.5,0.6879073135409124
2025-08-12,33,Aug,College Gym,68.65,Cut,Incline Dumbbell Press,Chest,20.0,11,220.0,27.333333333333336,0.39815489196406895
2025-08-12,33,Aug,College Gym,68.65,Cut,Incline Dumbbell Press,Chest,20.0,8,160.0,25.333333333333332,0.3690216071862102
2025-08-12,33,Aug,College Gym,68.65,Cut,Incline Dumbbell Press,Chest,20.0,7,140.0,24.666666666666668,0.35931051226025734
2025-08-12,33,Aug,College Gym,68.65,Cut,Dumbbell Press,Chest,20.0,6,120.0,24.0,0.34959941733430444
2025-08-12,33,Aug,College Gym,68.65,Cut,Dumbbell Press,Chest,20.0,5,100.0,23.333333333333336,0.33988832240835154
2025-08-12,33,Aug,College Gym,68.65,Cut,Dumbbell Press,Chest,20.0,5,100.0,23.333333333333336,0.33988832240835154
2025-08-12,33,Aug,College Gym,68.65,Cut,Cable Fly,Chest,25.0,16,400.0,38.33333333333333,0.5583879582422917
2025-08-12,33,Aug,College Gym,68.65,Cut,Cable Fly,Chest,30.0,8,240.0,38.0,0.5535324107793154
2025-08-12,33,Aug,College Gym,68.65,Cut,Cable Fly,Chest,30.0,8,240.0,38.0,0.5535324107793154
2025-08-12,33,Aug,College Gym,68.65,Cut,Tricep Overhead Bar Extension,Triceps,25.0,25,625.0,45.833333333333336,0.6676377761592619
2025-08-12,33,Aug,College Gym,68.65,Cut,Tricep Overhead Bar Extension,Triceps,25.0,20,500.0,41.666666666666664,0.6069434328720562
2025-08-12,33,Aug,College Gym,68.65,Cut,Tricep Overhead Bar Extension,Triceps,20.0,20,400.0,33.33333333333333,0.48555474629764495
2025-08-12,33,Aug,College Gym,68.65,Cut,Tricep Rope Pushdown,Triceps,45.0,12,540.0,62.99999999999999,0.9176984705025489
2025-08-12,33,Aug,College Gym,68.65,Cut,Tricep Rope Pushdown,Triceps,45.0,9,405.0,58.5,0.852148579752367
2025-08-12,33,Aug,College Gym,68.65,Cut,Tricep Rope Pushdown,Triceps,45.0,9,405.0,58.5,0.852148579752367
2025-08-12,33,Aug,College Gym,68.65,Cut,Tricep Pushdown,Triceps,25.0,15,375.0,37.5,0.5462490895848506
2025-08-12,33,Aug,College Gym,68.65,Cut,Tricep Pushdown,Triceps,25.0,15,375.0,37.5,0.5462490895848506
2025-08-14,33,Aug,College Gym,68.85,Cut,V Bar Pulldown,Back,65.0,6,390.0,78.0,1.132897603485839
2025-08-14,33,Aug,College Gym,68.85,Cut,V Bar Pulldown,Back,65.0,8,520.0,82.33333333333333,1.195836359235052
2025-08-14,33,Aug,College Gym,68.85,Cut,V Bar Pulldown,Back,65.0,7,455.0,80.16666666666667,1.1643669813604456
2025-08-14,33,Aug,College Gym,68.85,Cut,Barbell Rowing,Back,17.5,9,157.5,22.75,0.3304284676833697
2025-08-14,33,Aug,College Gym,68.85,Cut,Barbell Rowing,Back,17.5,9,157.5,22.75,0.3304284676833697
2025-08-14,33,Aug,College Gym,68.85,Cut,Barbell Rowing,Back,17.5,9,157.5,22.75,0.3304284676833697
2025-08-14,33,Aug,College Gym,68.85,Cut,Single Arm Pulldown,Back,52.5,10,525.0,70.0,1.0167029774872913
2025-08-14,33,Aug,College Gym,68.85,Cut,Single Arm Pulldown,Back,52.5,8,420.0,66.5,0.9658678286129267
2025-08-14,33,Aug,College Gym,68.85,Cut,Single Arm Pulldown,Back,52.5,8,420.0,66.5,0.9658678286129267
2025-08-14,33,Aug,College Gym,68.85,Cut,Preacher Curl Dumbbell,Biceps,15.0,6,90.0,18.0,0.26143790849673204
2025-08-14,33,Aug,College Gym,68.85,Cut,Preacher Curl Dumbbell,Biceps,12.5,12,150.0,17.5,0.25417574437182283
2025-08-14,33,Aug,College Gym,68.85,Cut,Preacher Curl Dumbbell,Biceps,12.5,12,150.0,17.5,0.25417574437182283
2025-08-14,33,Aug,College Gym,68.85,Cut,Seated Hammer Curls,Biceps,12.5,11,137.5,17.083333333333332,0.24812394093439846
2025-08-14,33,Aug,College Gym,68.85,Cut,Seated Hammer Curls,Biceps,12.5,10,125.0,16.666666666666664,0.2420721374969741
2025-08-14,33,Aug,College Gym,68.85,Cut,Seated Hammer Curls,Biceps,12.5,9,112.5,16.25,0.23602033405954975
2025-08-14,33,Aug,College Gym,68.85,Cut,Ez Bar Curl,Biceps,25.0,16,400.0,38.33333333333333,0.5567659162430404
2025-08-14,33,Aug,College Gym,68.85,Cut,Ez Bar Curl,Biceps,30.0,15,450.0,45.0,0.6535947712418301
2025-08-16,33,Aug,College Gym,68.7,Cut,Deadlift,Legs,32.5,7,227.5,40.083333333333336,0.5834546336729743
2025-08-16,33,Aug,College Gym,68.7,Cut,Deadlift,Legs,32.5,4,130.0,36.833333333333336,0.5361475012130034
2025-08-16,33,Aug,College Gym,68.7,Cut,Deadlift,Legs,32.5,4,130.0,36.833333333333336,0.5361475012130034
2025-08-16,33,Aug,College Gym,68.7,Cut,Leg Press,Legs,35.0,12,420.0,49.0,0.7132459970887918
2025-08-16,33,Aug,College Gym,68.7,Cut,Leg Press,Legs,50.0,10,500.0,66.66666666666666,0.9704027171276077
2025-08-16,33,Aug,College Gym,68.7,Cut,Leg Press,Legs,50.0,10,500.0,66.66666666666666,0.9704027171276077
2025-08-16,33,Aug,College Gym,68.7,Cut,Leg Extension,Legs,70.0,13,910.0,100.33333333333333,1.46045608927705
2025-08-16,33,Aug,College Gym,68.7,Cut,Leg Extension,Legs,70.0,13,910.0,100.33333333333333,1.46045608927705
2025-08-16,33,Aug,College Gym,68.7,Cut,Chest Supported Lateral Raises,Shoulders,10.0,10,100.0,13.333333333333332,0.19408054342552156
2025-08-16,33,Aug,College Gym,68.7,Cut,Chest Supported Lateral Raises,Shoulders,10.0,10,100.0,13.333333333333332,0.19408054342552156
2025-08-16,33,Aug,College Gym,68.7,Cut,Chest Supported Lateral Raises,Shoulders,10.0,8,80.0,12.666666666666666,0.1843765162542455
2025-08-16,33,Aug,College Gym,68.7,Cut,Chest Supported Rear Delts Rows,Shoulders,7.5,13,97.5,10.75,0.15647743813682677
2025-08-16,33,Aug,College Gym,68.7,Cut,Chest Supported Rear Delts Rows,Shoulders,10.0,9,90.0,13.0,0.18922852983988353
2025-08-16,33,Aug,College Gym,68.7,Cut,Chest Supported Rear Delts Rows,Shoulders,10.0,10,100.0,13.333333333333332,0.19408054342552156
2025-08-19,34,Aug,College Gym,68.6,Cut,Incline Dumbbell Press,Chest,20.0,11,220.0,27.333333333333336,0.3984450923226434
2025-08-19,34,Aug,College Gym,68.6,Cut,Incline Dumbbell Press,Chest,20.0,9,180.0,26.0,0.37900874635568516
2025-08-19,34,Aug,College Gym,68.6,Cut,Incline Dumbbell Press,Chest,20.0,7,140.0,24.666666666666668,0.35957240038872695
2025-08-19,34,Aug,College Gym,68.6,Cut,Dumbbell Press,Chest,20.0,8,160.0,25.333333333333332,0.36929057337220605
2025-08-19,34,Aug,College Gym,68.6,Cut,Dumbbell Press,Chest,20.0,6,120.0,24.0,0.34985422740524785
2025-08-19,34,Aug,College Gym,68.6,Cut,Dumbbell Press,Chest,20.0,5,100.0,23.333333333333336,0.34013605442176875
2025-08-19,34,Aug,College Gym,68.6,Cut,Cable Fly,Chest,30.0,10,300.0,40.0,0.5830903790087464
2025-08-19,34,Aug,College Gym,68.6,Cut,Cable Fly,Chest,30.0,8,240.0,38.0,0.5539358600583091
2025-08-19,34,Aug,College Gym,68.6,Cut,Cable Fly,Chest,25.0,10,250.0,33.33333333333333,0.48590864917395526
2025-08-19,34,Aug,College Gym,68.6,Cut,Tricep Overhead Bar Extension,Triceps,25.0,8,200.0,31.666666666666664,0.4616132167152575
2025-08-19,34,Aug,College Gym,68.6,Cut,Tricep Overhead Bar Extension,Triceps,25.0,7,175.0,30.833333333333336,0.4494655004859087
2025-08-19,34,Aug,College Gym,68.6,Cut,Tricep Overhead Bar Extension,Triceps,20.0,7,140.0,24.666666666666668,0.35957240038872695
2025-08-19,34,Aug,College Gym,68.6,Cut,Tricep Rope Pushdown,Triceps,45.0,8,360.0,57.0,0.8309037900874636
2025-08-19,34,Aug,College Gym,68.6,Cut,Tricep Rope Pushdown,Triceps,45.0,8,360.0,57.0,0.8309037900874636
2025-08-19,34,Aug,College Gym,68.6,Cut,Tricep Rope Pushdown,Triceps,45.0,8,360.0,57.0,0.8309037900874636
2025-08-19,34,Aug,College Gym,68.6,Cut,Tricep Pushdown,Triceps,30.0,12,360.0,42.0,0.6122448979591837
2025-08-19,34,Aug,College Gym,68.6,Cut,Tricep Pushdown,Triceps,30.0,14,420.0,44.0,0.641399416909621
2025-08-20,34,Aug,College Gym,68.5,Cut,V Bar Pulldown,Back,65.0,8,520.0,82.33333333333333,1.2019464720194646
2025-08-20,34,Aug,College Gym,68.5,Cut,V Bar Pulldown,Back,65.0,8,520.0,82.33333333333333,1.2019464720194646
2025-08-20,34,Aug,College Gym,68.5,Cut,V Bar Pulldown,Back,65.0,6,390.0,78.0,1.1386861313868613
2025-08-20,34,Aug,College Gym,68.5,Cut,Barbell Rowing,Back,17.5,9,157.5,22.75,0.33211678832116787
2025-08-20,34,Aug,College Gym,68.5,Cut,Barbell Rowing,Back,17.5,9,157.5,22.75,0.33211678832116787
2025-08-20,34,Aug,College Gym,68.5,Cut,Barbell Rowing,Back,17.5,9,157.5,22.75,0.33211678832116787
2025-08-20,34,Aug,College Gym,68.5,Cut,Cable Lat Pullovers,Back,37.5,8,300.0,47.5,0.6934306569343066
2025-08-20,34,Aug,College Gym,68.5,Cut,Cable Lat Pullovers,Back,30.0,12,360.0,42.0,0.6131386861313869
2025-08-20,34,Aug,College Gym,68.5,Cut,Cable Lat Pullovers,Back,30.0,8,240.0,38.0,0.5547445255474452
2025-08-20,34,Aug,College Gym,68.5,Cut,Preacher Curl Dumbbell,Biceps,12.5,15,187.5,18.75,0.2737226277372263
2025-08-20,34,Aug,College Gym,68.5,Cut,Preacher Curl Dumbbell,Biceps,15.0,5,75.0,17.5,0.25547445255474455
2025-08-20,34,Aug,College Gym,68.5,Cut,Preacher Curl Dumbbell,Biceps,12.5,6,75.0,15.0,0.21897810218978103
2025-08-20,34,Aug,College Gym,68.5,Cut,Seated Hammer Curls,Biceps,12.5,12,150.0,17.5,0.25547445255474455
2025-08-20,34,Aug,College Gym,68.5,Cut,Seated Hammer Curls,Biceps,12.5,10,125.0,16.666666666666664,0.24330900243308998
2025-08-20,34,Aug,College Gym,68.5,Cut,Seated Hammer Curls,Biceps,12.5,9,112.5,16.25,0.23722627737226276
2025-08-20,34,Aug,College Gym,68.5,Cut,Ez Bar Curl,Biceps,30.0,18,540.0,48.0,0.7007299270072993
2025-08-20,34,Aug,College Gym,68.5,Cut,Ez Bar Curl,Biceps,37.5,15,562.5,56.25,0.8211678832116789
2025-08-21,34,Aug,College Gym,68.1,Cut,Dumbbell Romanian Deadlift,Legs,17.5,11,192.5,23.916666666666668,0.3511992168379834
2025-08-21,34,Aug,College Gym,68.1,Cut,Dumbbell Romanian Deadlift,Legs,20.0,12,240.0,28.0,0.4111600587371513
2025-08-21,34,Aug,College Gym,68.1,Cut,Dumbbell Romanian Deadlift,Legs,25.0,8,200.0,31.666666666666664,0.46500244738130203
2025-08-21,34,Aug,College Gym,68.1,Cut,Leg Press,Legs,60.0,8,480.0,76.0,1.1160058737151248
2025-08-21,34,Aug,College Gym,68.1,Cut,Leg Press,Legs,60.0,8,480.0,76.0,1.1160058737151248
2025-08-21,34,Aug,College Gym,68.1,Cut,Leg Press,Legs,60.0,9,540.0,78.0,1.145374449339207
2025-08-21,34,Aug,College Gym,68.1,Cut,Leg Extension,Legs,75.0,11,825.0,102.5,1.5051395007342145
2025-08-21,34,Aug,College Gym,68.1,Cut,Leg Extension,Legs,75.0,10,750.0,100.0,1.4684287812041117
2025-08-21,34,Aug,College Gym,68.1,Cut,Seated Lateral Raises,Shoulders,7.5,11,82.5,10.25,0.15051395007342144
2025-08-21,34,Aug,College Gym,68.1,Cut,Seated Lateral Raises,Shoulders,7.5,8,60.0,9.5,0.1395007342143906
2025-08-21,34,Aug,College Gym,68.1,Cut,Seated Lateral Raises,Shoulders,7.5,6,45.0,9.0,0.13215859030837004
2025-08-21,34,Aug,College Gym,68.1,Cut,Chest Supported Rear Delts Rows,Shoulders,10.0,10,100.0,13.333333333333332,0.19579050416054822
2025-08-21,34,Aug,College Gym,68.1,Cut,Chest Supported Rear Delts Rows,Shoulders,10.0,9,90.0,13.0,0.19089574155653452
2025-08-21,34,Aug,College Gym,68.1,Cut,Chest Supported Rear Delts Rows,Shoulders,10.0,9,90.0,13.0,0.19089574155653452
2025-08-22,34,Aug,College Gym,68.1,Cut,Closegrip Benchpress Ez Bar,Triceps,20.0,6,120.0,24.0,0.3524229074889868
2025-08-22,34,Aug,College Gym,68.1,Cut,Closegrip Benchpress Ez Bar,Triceps,20.0,6,120.0,24.0,0.3524229074889868
2025-08-22,34,Aug,College Gym,68.1,Cut,Closegrip Benchpress Ez Bar,Triceps,20.0,4,80.0,22.666666666666664,0.33284385707293196
2025-08-22,34,Aug,College Gym,68.1,Cut,Tricep Overhead Bar Extension,Triceps,25.0,11,275.0,34.166666666666664,0.5017131669114048
2025-08-22,34,Aug,College Gym,68.1,Cut,Tricep Overhead Bar Extension,Triceps,25.0,7,175.0,30.833333333333336,0.4527655408712678
2025-08-22,34,Aug,College Gym,68.1,Cut,Tricep Overhead Bar Extension,Triceps,25.0,4,100.0,28.333333333333332,0.41605482134116495
2025-08-22,34,Aug,College Gym,68.1,Cut,Incline Curls,Biceps,12.5,11,137.5,17.083333333333332,0.2508565834557024
2025-08-22,34,Aug,College Gym,68.1,Cut,Incline Curls,Biceps,12.5,9,112.5,16.25,0.23861967694566816
2025-08-22,34,Aug,College Gym,68.1,Cut,Incline Curls,Biceps,12.5,6,75.0,15.0,0.22026431718061676
2025-08-22,34,Aug,College Gym,68.1,Cut,Rope Hammer Curls,Biceps,45.0,7,315.0,55.5,0.814977973568282
2025-08-22,34,Aug,College Gym,68.1,Cut,Rope Hammer Curls,Biceps,45.0,8,360.0,57.0,0.8370044052863437
2025-08-22,34,Aug,College Gym,68.1,Cut,Rope Hammer Curls,Biceps,45.0,8,360.0,57.0,0.8370044052863437
2025-08-22,34,Aug,College Gym,68.1,Cut,Tricep Pushdown,Triceps,30.0,18,540.0,48.0,0.7048458149779736
2025-08-22,34,Aug,College Gym,68.1,Cut,Tricep Pushdown,Triceps,30.0,17,510.0,47.0,0.6901615271659325
2025-08-22,34,Aug,College Gym,68.1,Cut,Ez Bar Curl,Biceps,37.5,17,637.5,58.75,0.8627019089574156
2025-08-22,34,Aug,College Gym,68.1,Cut,Ez Bar Curl,Biceps,37.5,15,562.5,56.25,0.8259911894273129
2025-08-26,35,Aug,College Gym,67.3,Cut,Incline Dumbbell Press,Chest,20.0,10,200.0,26.666666666666664,0.396235760277365
2025-08-26,35,Aug,College Gym,67.3,Cut,Incline Dumbbell Press,Chest,20.0,8,160.0,25.333333333333332,0.3764239722634968
2025-08-26,35,Aug,College Gym,67.3,Cut,Incline Dumbbell Press,Chest,20.0,6,120.0,24.0,0.35661218424962854
2025-08-26,35,Aug,College Gym,67.3,Cut,Dumbbell Press,Chest,20.0,7,140.0,24.666666666666668,0.3665180782565627
2025-08-26,35,Aug,College Gym,67.3,Cut,Dumbbell Press,Chest,20.0,5,100.0,23.333333333333336,0.34670629024269445
2025-08-26,35,Aug,College Gym,67.3,Cut,Dumbbell Press,Chest,20.0,4,80.0,22.666666666666664,0.33680039623576025
2025-08-26,35,Aug,College Gym,67.3,Cut,Dumbbell Fly,Chest,7.5,8,60.0,9.5,0.1411589895988113
2025-08-26,35,Aug,College Gym,67.3,Cut,Dumbbell Fly,Chest,7.5,9,67.5,9.75,0.1448736998514116
2025-08-26,35,Aug,College Gym,67.3,Cut,Dumbbell Fly,Chest,7.5,9,67.5,9.75,0.1448736998514116
2025-08-26,35,Aug,College Gym,67.3,Cut,Tricep Overhead Bar Extension,Triceps,25.0,4,100.0,28.333333333333332,0.42100049529470035
2025-08-26,35,Aug,College Gym,67.3,Cut,Tricep Overhead Bar Extension,Triceps,20.0,9,180.0,26.0,0.3863298662704309
2025-08-26,35,Aug,College Gym,67.3,Cut,Tricep Overhead Bar Extension,Triceps,20.0,9,180.0,26.0,0.3863298662704309
2025-08-26,35,Aug,College Gym,67.3,Cut,Tricep Rope Pushdown,Triceps,45.0,11,495.0,61.5,0.9138187221396732
2025-08-26,35,Aug,College Gym,67.3,Cut,Tricep Rope Pushdown,Triceps,45.0,10,450.0,60.0,0.8915304606240714
2025-08-26,35,Aug,College Gym,67.3,Cut,Tricep Rope Pushdown,Triceps,45.0,8,360.0,57.0,0.8469539375928677
2025-08-26,35,Aug,College Gym,67.3,Cut,Tricep Kickback,Triceps,5.0,12,60.0,7.0,0.10401188707280833
2025-08-26,35,Aug,College Gym,67.3,Cut,Tricep Kickback,Triceps,5.0,12,60.0,7.0,0.10401188707280833
2025-08-27,35,Aug,College Gym,67.7,Cut,V Bar Pulldown,Back,65.0,7,455.0,80.16666666666667,1.1841457410142786
2025-08-27,35,Aug,College Gym,67.7,Cut,V Bar Pulldown,Back,65.0,7,455.0,80.16666666666667,1.1841457410142786
2025-08-27,35,Aug,College Gym,67.7,Cut,V Bar Pulldown,Back,60.0,8,480.0,76.0,1.122599704579025
2025-08-27,35,Aug,College Gym,67.7,Cut,Single Arm Pulldown,Back,52.5,10,525.0,70.0,1.03397341211226
2025-08-27,35,Aug,College Gym,67.7,Cut,Single Arm Pulldown,Back,52.5,10,525.0,70.0,1.03397341211226
2025-08-27,35,Aug,College Gym,67.7,Cut,Single Arm Pulldown,Back,52.5,9,472.5,68.25,1.0081240768094535
2025-08-27,35,Aug,College Gym,67.7,Cut,Cable Lat Pullovers,Back,37.5,8,300.0,47.5,0.7016248153618907
2025-08-27,35,Aug,College Gym,67.7,Cut,Cable Lat Pullovers,Back,30.0,13,390.0,43.0,0.6351550960118169
2025-08-27,35,Aug,College Gym,67.7,Cut,Cable Lat Pullovers,Back,30.0,12,360.0,42.0,0.620384047267356
2025-08-27,35,Aug,College Gym,67.7,Cut,Preacher Curl Dumbbell,Biceps,15.0,6,90.0,18.0,0.2658788774002954
2025-08-27,35,Aug,College Gym,67.7,Cut,Preacher Curl Dumbbell,Biceps,12.5,12,150.0,17.5,0.258493353028065
2025-08-27,35,Aug,College Gym,67.7,Cut,Preacher Curl Dumbbell,Biceps,12.5,6,75.0,15.0,0.22156573116691283
2025-08-27,35,Aug,College Gym,67.7,Cut,Seated Hammer Curls,Biceps,12.5,13,162.5,17.916666666666668,0.26464795667159036
2025-08-27,35,Aug,College Gym,67.7,Cut,Seated Hammer Curls,Biceps,12.5,11,137.5,17.083333333333332,0.2523387493845396
2025-08-27,35,Aug,College Gym,67.7,Cut,Seated Hammer Curls,Biceps,12.5,8,100.0,15.833333333333332,0.23387493845396354
2025-08-27,35,Aug,College Gym,67.7,Cut,Barbell Curls,Biceps,7.5,8,60.0,9.5,0.14032496307237813
2025-08-27,35,Aug,College Gym,67.7,Cut,Barbell Curls,Biceps,7.5,7,52.5,9.25,0.1366322008862629
2025-08-29,35,Aug,College Gym,67.55,Cut,Closegrip Dumbbell Press,Triceps,15.0,10,150.0,20.0,0.29607698001480387
2025-08-29,35,Aug,College Gym,67.55,Cut,Closegrip Dumbbell Press,Triceps,15.0,11,165.0,20.5,0.30347890451517395
2025-08-29,35,Aug,College Gym,67.55,Cut,Closegrip Dumbbell Press,Triceps,15.0,10,150.0,20.0,0.29607698001480387
2025-08-29,35,Aug,College Gym,67.55,Cut,Tricep Overhead Bar Extension,Triceps,25.0,12,300.0,35.0,0.5181347150259068
2025-08-29,35,Aug,College Gym,67.55,Cut,Tricep Overhead Bar Extension,Triceps,25.0,8,200.0,31.666666666666664,0.4687885516901061
2025-08-29,35,Aug,College Gym,67.55,Cut,Tricep Overhead Bar Extension,Triceps,25.0,6,150.0,30.0,0.4441154700222058
2025-08-29,35,Aug,College Gym,67.55,Cut,Incline Curls,Biceps,12.5,11,137.5,17.083333333333332,0.2528990870959783
2025-08-29,35,Aug,College Gym,67.55,Cut,Incline Curls,Biceps,12.5,7,87.5,15.416666666666668,0.228226005428078
2025-08-29,35,Aug,College Gym,67.55,Cut,Incline Curls,Biceps,12.5,6,75.0,15.0,0.2220577350111029
2025-08-29,35,Aug,College Gym,67.55,Cut,Rope Hammer Curls,Biceps,45.0,11,495.0,61.5,0.9104367135455219
2025-08-29,35,Aug,College Gym,67.55,Cut,Rope Hammer Curls,Biceps,45.0,9,405.0,58.5,0.8660251665433013
2025-08-29,35,Aug,College Gym,67.55,Cut,Rope Hammer Curls,Biceps,45.0,9,405.0,58.5,0.8660251665433013
2025-08-29,35,Aug,College Gym,67.55,Cut,Tricep Pushdown,Triceps,37.5,16,600.0,57.49999999999999,0.851221317542561
2025-08-29,35,Aug,College Gym,67.55,Cut,Tricep Pushdown,Triceps,37.5,15,562.5,56.25,0.8327165062916358
2025-08-29,35,Aug,College Gym,67.55,Cut,Ez Bar Curl,Biceps,37.5,20,750.0,62.49999999999999,0.925240562546262
2025-08-29,35,Aug,College Gym,67.55,Cut,Ez Bar Curl,Biceps,37.5,19,712.5,61.25,0.9067357512953368
2025-08-30,35,Aug,College Gym,67.1,Cut,Dumbbell Romanian Deadlift,Legs,25.0,9,225.0,32.5,0.4843517138599106
2025-08-30,35,Aug,College Gym,67.1,Cut,Dumbbell Romanian Deadlift,Legs,25.0,9,225.0,32.5,0.4843517138599106
2025-08-30,35,Aug,College Gym,67.1,Cut,Dumbbell Romanian Deadlift,Legs,25.0,7,175.0,30.833333333333336,0.4595131644311973
2025-08-30,35,Aug,College Gym,67.1,Cut,Leg Press,Legs,95.0,8,760.0,120.33333333333333,1.7933432687531048
2025-08-30,35,Aug,College Gym,67.1,Cut,Leg Press,Legs,95.0,9,855.0,123.5,1.8405365126676603
2025-08-30,35,Aug,College Gym,67.1,Cut,Leg Press,Legs,95.0,8,760.0,120.33333333333333,1.7933432687531048
2025-08-30,35,Aug,College Gym,67.1,Cut,Leg Extension,Legs,75.0,12,900.0,105.0,1.564828614008942
2025-08-30,35,Aug,College Gym,67.1,Cut,Leg Extension,Legs,75.0,11,825.0,102.5,1.527570789865872
2025-08-30,35,Aug,College Gym,67.1,Cut,Seated Lateral Raises,Shoulders,7.5,8,60.0,9.5,0.14157973174366617
2025-08-30,35,Aug,College Gym,67.1,Cut,Seated Lateral Raises,Shoulders,7.5,9,67.5,9.75,0.1453055141579732
2025-08-30,35,Aug,College Gym,67.1,Cut,Seated Lateral Raises,Shoulders,7.5,7,52.5,9.25,0.13785394932935918
2025-08-30,35,Aug,College Gym,67.1,Cut,Chest Supported Rear Delts Rows,Shoulders,10.0,11,110.0,13.666666666666668,0.2036761053154496
2025-08-30,35,Aug,College Gym,67.1,Cut,Chest Supported Rear Delts Rows,Shoulders,10.0,10,100.0,13.333333333333332,0.1987083954297069
2025-08-30,35,Aug,College Gym,67.1,Cut,Chest Supported Rear Delts Rows,Shoulders,10.0,10,100.0,13.333333333333332,0.1987083954297069
2025-09-02,36,Sep,College Gym,67.2,Cut,Incline Chest Press Machine,Chest,55.0,9,495.0,71.5,1.0639880952380951
2025-09-02,36,Sep,College Gym,67.2,Cut,Incline Chest Press Machine,Chest,55.0,12,660.0,77.0,1.1458333333333333
2025-09-02,36,Sep,College Gym,67.2,Cut,Incline Chest Press Machine,Chest,55.0,8,440.0,69.66666666666666,1.036706349206349
2025-09-02,36,Sep,College Gym,67.2,Cut,Dumbbell Press,Chest,20.0,9,180.0,26.0,0.38690476190476186
2025-09-02,36,Sep,College Gym,67.2,Cut,Dumbbell Press,Chest,20.0,6,120.0,24.0,0.35714285714285715
2025-09-02,36,Sep,College Gym,67.2,Cut,Dumbbell Press,Chest,20.0,6,120.0,24.0,0.35714285714285715
2025-09-02,36,Sep,College Gym,67.2,Cut,Dumbbell Fly,Chest,7.5,11,82.5,10.25,0.1525297619047619
2025-09-02,36,Sep,College Gym,67.2,Cut,Dumbbell Fly,Chest,7.5,8,60.0,9.5,0.14136904761904762
2025-09-02,36,Sep,College Gym,67.2,Cut,Dumbbell Fly,Chest,7.5,8,60.0,9.5,0.14136904761904762
2025-09-02,36,Sep,College Gym,67.2,Cut,Tricep Overhead Bar Extension,Triceps,25.0,8,200.0,31.666666666666664,0.47123015873015867
2025-09-02,36,Sep,College Gym,67.2,Cut,Tricep Overhead Bar Extension,Triceps,25.0,6,150.0,30.0,0.4464285714285714
2025-09-02,36,Sep,College Gym,67.2,Cut,Tricep Overhead Bar Extension,Triceps,20.0,10,200.0,26.666666666666664,0.39682539682539675
2025-09-02,36,Sep,College Gym,67.2,Cut,Tricep Rope Pushdown,Triceps,45.0,11,495.0,61.5,0.9151785714285714
2025-09-02,36,Sep,College Gym,67.2,Cut,Tricep Rope Pushdown,Triceps,45.0,10,450.0,60.0,0.8928571428571428
2025-09-02,36,Sep,College Gym,67.2,Cut,Tricep Rope Pushdown,Triceps,45.0,8,360.0,57.0,0.8482142857142857
2025-09-02,36,Sep,College Gym,67.2,Cut,Tricep Kickback,Triceps,5.0,13,65.0,7.166666666666667,0.10664682539682539
2025-09-02,36,Sep,College Gym,67.2,Cut,Tricep Kickback,Triceps,5.0,12,60.0,7.0,0.10416666666666666
2025-09-04,36,Sep,College Gym,67.75,Cut,V Bar Pulldown,Back,65.0,4,260.0,73.66666666666667,1.0873308733087332
2025-09-04,36,Sep,College Gym,67.75,Cut,V Bar Pulldown,Back,60.0,9,540.0,78.0,1.151291512915129
2025-09-04,36,Sep,College Gym,67.75,Cut,V Bar Pulldown,Back,60.0,9,540.0,78.0,1.151291512915129
2025-09-04,36,Sep,College Gym,67.75,Cut,Barbell Rowing,Back,15.0,11,165.0,20.5,0.3025830258302583
2025-09-04,36,Sep,College Gym,67.75,Cut,Barbell Rowing,Back,17.5,8,140.0,22.166666666666664,0.3271832718327183
2025-09-04,36,Sep,College Gym,67.75,Cut,Preacher Curl Dumbbell,Biceps,15.0,2,30.0,16.0,0.23616236162361623
2025-09-04,36,Sep,College Gym,67.75,Cut,Preacher Curl Dumbbell,Biceps,12.5,9,112.5,16.25,0.23985239852398524
2025-09-04,36,Sep,College Gym,67.75,Cut,Preacher Curl Dumbbell,Biceps,12.5,8,100.0,15.833333333333332,0.2337023370233702
2025-09-04,36,Sep,College Gym,67.75,Cut,Seated Hammer Curls,Biceps,12.5,13,162.5,17.916666666666668,0.2644526445264453
2025-09-04,36,Sep,College Gym,67.75,Cut,Seated Hammer Curls,Biceps,12.5,11,137.5,17.083333333333332,0.2521525215252152
2025-09-04,36,Sep,College Gym,67.75,Cut,Seated Hammer Curls,Biceps,12.5,9,112.5,16.25,0.23985239852398524
2025-09-06,36,Sep,College Gym,67.9,Cut,Dumbbell Romanian Deadlift,Legs,25.0,11,275.0,34.166666666666664,0.5031909671084928
2025-09-06,36,Sep,College Gym,67.9,Cut,Dumbbell Romanian Deadlift,Legs,25.0,11,275.0,34.166666666666664,0.5031909671084928
2025-09-06,36,Sep,College Gym,67.9,Cut,Dumbbell Romanian Deadlift,Legs,25.0,9,225.0,32.5,0.4786450662739322
2025-09-06,36,Sep,College Gym,67.9,Cut,Leg Press,Legs,110.0,12,1320.0,154.0,2.268041237113402
2025-09-06,36,Sep,College Gym,67.9,Cut,Leg Press,Legs,110.0,10,1100.0,146.66666666666666,2.160039273441335
2025-09-06,36,Sep,College Gym,67.9,Cut,Leg Press,Legs,110.0,10,1100.0,146.66666666666666,2.160039273441335
2025-09-06,36,Sep,College Gym,67.9,Cut,Leg Extension,Legs,75.0,12,900.0,105.0,1.5463917525773194
2025-09-06,36,Sep,College Gym,67.9,Cut,Leg Extension,Legs,75.0,11,825.0,102.5,1.5095729013254786
2025-09-06,36,Sep,College Gym,67.9,Cut,Seated Lateral Raises,Shoulders,7.5,11,82.5,10.25,0.15095729013254786
2025-09-06,36,Sep,College Gym,67.9,Cut,Seated Lateral Raises,Shoulders,7.5,11,82.5,10.25,0.15095729013254786
2025-09-06,36,Sep,College Gym,67.9,Cut,Seated Lateral Raises,Shoulders,7.5,8,60.0,9.5,0.13991163475699556
2025-09-06,36,Sep,College Gym,67.9,Cut,Chest Supported Rear Delts Rows,Shoulders,10.0,12,120.0,14.0,0.20618556701030927
2025-09-06,36,Sep,College Gym,67.9,Cut,Chest Supported Rear Delts Rows,Shoulders,12.5,7,87.5,15.416666666666668,0.2270495827196858
2025-09-06,36,Sep,College Gym,67.9,Cut,Chest Supported Rear Delts Rows,Shoulders,12.5,8,100.0,15.833333333333332,0.23318605792832595
2025-09-09,37,Sep,College Gym,68.1,Cut,Incline Chest Press Machine,Chest,60.0,6,360.0,72.0,1.0572687224669604
2025-09-09,37,Sep,College Gym,68.1,Cut,Incline Chest Press Machine,Chest,60.0,6,360.0,72.0,1.0572687224669604
2025-09-09,37,Sep,College Gym,68.1,Cut,Incline Chest Press Machine,Chest,60.0,6,360.0,72.0,1.0572687224669604
2025-09-09,37,Sep,College Gym,68.1,Cut,Dumbbell Press,Chest,20.0,8,160.0,25.333333333333332,0.3720019579050416
2025-09-09,37,Sep,College Gym,68.1,Cut,Dumbbell Press,Chest,20.0,6,120.0,24.0,0.3524229074889868
2025-09-09,37,Sep,College Gym,68.1,Cut,Dumbbell Press,Chest,20.0,6,120.0,24.0,0.3524229074889868
2025-09-09,37,Sep,College Gym,68.1,Cut,Dumbbell Fly,Chest,7.5,12,90.0,10.5,0.15418502202643172
2025-09-09,37,Sep,College Gym,68.1,Cut,Dumbbell Fly,Chest,7.5,8,60.0,9.5,0.1395007342143906
2025-09-09,37,Sep,College Gym,68.1,Cut,Dumbbell Fly,Chest,7.5,8,60.0,9.5,0.1395007342143906
2025-09-09,37,Sep,College Gym,68.1,Cut,Tricep Overhead Bar Extension,Triceps,25.0,8,200.0,31.666666666666664,0.46500244738130203
2025-09-09,37,Sep,College Gym,68.1,Cut,Tricep Overhead Bar Extension,Triceps,25.0,7,175.0,30.833333333333336,0.4527655408712678
2025-09-09,37,Sep,College Gym,68.1,Cut,Tricep Overhead Bar Extension,Triceps,25.0,6,150.0,30.0,0.4405286343612335
2025-09-09,37,Sep,College Gym,68.1,Cut,Tricep Rope Pushdown,Triceps,45.0,10,450.0,60.0,0.881057268722467
2025-09-09,37,Sep,College Gym,68.1,Cut,Tricep Rope Pushdown,Triceps,45.0,10,450.0,60.0,0.881057268722467
2025-09-09,37,Sep,College Gym,68.1,Cut,Tricep Rope Pushdown,Triceps,45.0,9,405.0,58.5,0.8590308370044054
2025-09-10,37,Sep,College Gym,68.2,Cut,V Bar Pulldown,Back,65.0,6,390.0,78.0,1.1436950146627565
2025-09-10,37,Sep,College Gym,68.2,Cut,V Bar Pulldown,Back,60.0,10,600.0,80.0,1.1730205278592374
2025-09-10,37,Sep,College Gym,68.2,Cut,V Bar Pulldown,Back,60.0,10,600.0,80.0,1.1730205278592374
2025-09-10,37,Sep,College Gym,68.2,Cut,Cable Lat Pullovers,Back,37.5,9,337.5,48.75,0.7148093841642228
2025-09-10,37,Sep,College Gym,68.2,Cut,Cable Lat Pullovers,Back,37.5,9,337.5,48.75,0.7148093841642228
2025-09-10,37,Sep,College Gym,68.2,Cut,Cable Lat Pullovers,Back,37.5,9,337.5,48.75,0.7148093841642228
2025-09-10,37,Sep,College Gym,68.2,Cut,Cable Rowing,Back,52.5,12,630.0,73.5,1.0777126099706744
2025-09-10,37,Sep,College Gym,68.2,Cut,Cable Rowing,Back,60.0,12,720.0,84.0,1.2316715542521994
2025-09-10,37,Sep,College Gym,68.2,Cut,Cable Rowing,Back,67.5,12,810.0,94.5,1.3856304985337242
2025-09-10,37,Sep,College Gym,68.2,Cut,Preacher Curl Dumbbell,Biceps,12.5,11,137.5,17.083333333333332,0.2504887585532747
2025-09-10,37,Sep,College Gym,68.2,Cut,Preacher Curl Dumbbell,Biceps,12.5,9,112.5,16.25,0.2382697947214076
2025-09-10,37,Sep,College Gym,68.2,Cut,Preacher Curl Dumbbell,Biceps,12.5,7,87.5,15.416666666666668,0.2260508308895406
2025-09-10,37,Sep,College Gym,68.2,Cut,Seated Hammer Curls,Biceps,15.0,6,90.0,18.0,0.26392961876832843
2025-09-10,37,Sep,College Gym,68.2,Cut,Seated Hammer Curls,Biceps,12.5,10,125.0,16.666666666666664,0.2443792766373411
2025-09-10,37,Sep,College Gym,68.2,Cut,Seated Hammer Curls,Biceps,12.5,9,112.5,16.25,0.2382697947214076
2025-09-13,37,Sep,College Gym,67.1,Cut,Dumbbell Romanian Deadlift,Legs,25.0,13,325.0,35.833333333333336,0.5340288127173374
2025-09-13,37,Sep,College Gym,67.1,Cut,Dumbbell Romanian Deadlift,Legs,25.0,11,275.0,34.166666666666664,0.5091902632886239
2025-09-13,37,Sep,College Gym,67.1,Cut,Dumbbell Romanian Deadlift,Legs,25.0,13,325.0,35.833333333333336,0.5340288127173374
2025-09-13,37,Sep,College Gym,67.1,Cut,Squats,Legs,30.0,8,240.0,38.0,0.5663189269746647
2025-09-13,37,Sep,College Gym,67.1,Cut,Squats,Legs,30.0,5,150.0,35.0,0.5216095380029807
2025-09-13,37,Sep,College Gym,67.1,Cut,Seated Lateral Raises,Shoulders,7.5,12,90.0,10.5,0.1564828614008942
2025-09-13,37,Sep,College Gym,67.1,Cut,Seated Lateral Raises,Shoulders,7.5,11,82.5,10.25,0.1527570789865872
2025-09-13,37,Sep,College Gym,67.1,Cut,Seated Lateral Raises,Shoulders,7.5,9,67.5,9.75,0.1453055141579732
2025-09-16,38,Sep,College Gym,66.95,Cut,Incline Chest Press Machine,Chest,60.0,5,300.0,70.0,1.0455563853622105
2025-09-16,38,Sep,College Gym,66.95,Cut,Incline Chest Press Machine,Chest,60.0,6,360.0,72.0,1.075429424943988
2025-09-16,38,Sep,College Gym,66.95,Cut,Incline Chest Press Machine,Chest,60.0,5,300.0,70.0,1.0455563853622105
2025-09-16,38,Sep,College Gym,66.95,Cut,Incline Dumbbell Fly,Chest,7.5,8,60.0,9.5,0.14189693801344286
2025-09-16,38,Sep,College Gym,66.95,Cut,Incline Dumbbell Fly,Chest,7.5,9,67.5,9.75,0.14563106796116504
2025-09-16,38,Sep,College Gym,66.95,Cut,Dumbbell Press,Chest,20.0,9,180.0,26.0,0.3883495145631068
2025-09-16,38,Sep,College Gym,66.95,Cut,Dumbbell Press,Chest,20.0,6,120.0,24.0,0.35847647498132934
2025-09-16,38,Sep,College Gym,66.95,Cut,Dumbbell Press,Chest,20.0,6,120.0,24.0,0.35847647498132934
2025-09-16,38,Sep,College Gym,66.95,Cut,Cable Fly,Chest,25.0,9,225.0,32.5,0.4854368932038835
2025-09-16,38,Sep,College Gym,66.95,Cut,Cable Fly,Chest,25.0,10,250.0,33.33333333333333,0.497883993029624
2025-09-16,38,Sep,College Gym,66.95,Cut,Cable Fly,Chest,25.0,7,175.0,30.833333333333336,0.4605426935524023
2025-09-16,38,Sep,College Gym,66.95,Cut,Tricep Overhead Bar Extension,Triceps,25.0,10,250.0,33.33333333333333,0.497883993029624
2025-09-16,38,Sep,College Gym,66.95,Cut,Tricep Overhead Bar Extension,Triceps,25.0,9,225.0,32.5,0.4854368932038835
2025-09-16,38,Sep,College Gym,66.95,Cut,Tricep Overhead Bar Extension,Triceps,25.0,5,125.0,29.166666666666668,0.4356484939009211
2025-09-16,38,Sep,College Gym,66.95,Cut,Tricep Rope Pushdown,Triceps,45.0,11,495.0,61.5,0.9185959671396564
2025-09-16,38,Sep,College Gym,66.95,Cut,Tricep Rope Pushdown,Triceps,45.0,9,405.0,58.5,0.8737864077669902
2025-09-16,38,Sep,College Gym,66.95,Cut,Tricep Rope Pushdown,Triceps,45.0,10,450.0,60.0,0.8961911874533234
2025-09-16,38,Sep,College Gym,66.95,Cut,Tricep Kickback,Triceps,5.0,14,70.0,7.333333333333334,0.1095344784665173
2025-09-16,38,Sep,College Gym,66.95,Cut,Tricep Kickback,Triceps,5.0,14,70.0,7.333333333333334,0.1095344784665173
2025-09-18,38,Sep,College Gym,66.7,Cut,Barbell Rowing,Back,17.5,8,140.0,22.166666666666664,0.3323338330834582
2025-09-18,38,Sep,College Gym,66.7,Cut,Barbell Rowing,Back,17.5,5,87.5,20.416666666666668,0.3060969515242379
2025-09-18,38,Sep,College Gym,66.7,Cut,Barbell Rowing,Back,17.5,8,140.0,22.166666666666664,0.3323338330834582
2025-09-18,38,Sep,College Gym,66.7,Cut,Single Arm Pulldown,Back,52.5,10,525.0,70.0,1.0494752623688155
2025-09-18,38,Sep,College Gym,66.7,Cut,Single Arm Pulldown,Back,52.5,8,420.0,66.5,0.9970014992503747
2025-09-18,38,Sep,College Gym,66.7,Cut,Single Arm Pulldown,Back,52.5,8,420.0,66.5,0.9970014992503747
2025-09-18,38,Sep,College Gym,66.7,Cut,Cable Lat Pullovers,Back,37.5,10,375.0,50.0,0.7496251874062968
2025-09-18,38,Sep,College Gym,66.7,Cut,Cable Lat Pullovers,Back,37.5,9,337.5,48.75,0.7308845577211394
2025-09-18,38,Sep,College Gym,66.7,Cut,Cable Lat Pullovers,Back,37.5,8,300.0,47.5,0.712143928035982
2025-09-18,38,Sep,College Gym,66.7,Cut,Preacher Curl Dumbbell,Biceps,12.5,12,150.0,17.5,0.2623688155922039
2025-09-18,38,Sep,College Gym,66.7,Cut,Preacher Curl Dumbbell,Biceps,12.5,10,125.0,16.666666666666664,0.24987506246876556
2025-09-18,38,Sep,College Gym,66.7,Cut,Preacher Curl Dumbbell,Biceps,12.5,7,87.5,15.416666666666668,0.2311344327836082
2025-09-18,38,Sep,College Gym,66.7,Cut,Rope Hammer Curls,Biceps,45.0,9,405.0,58.5,0.8770614692653673
2025-09-18,38,Sep,College Gym,66.7,Cut,Rope Hammer Curls,Biceps,45.0,10,450.0,60.0,0.8995502248875562
2025-09-18,38,Sep,College Gym,66.7,Cut,Rope Hammer Curls,Biceps,45.0,9,405.0,58.5,0.8770614692653673
2025-09-25,39,Sep,College Gym,66.25,Cut,Incline Chest Press Machine,Chest,60.0,7,420.0,74.0,1.1169811320754717
2025-09-25,39,Sep,College Gym,66.25,Cut,Incline Chest Press Machine,Chest,60.0,6,360.0,72.0,1.0867924528301887
2025-09-25,39,Sep,College Gym,66.25,Cut,Incline Chest Press Machine,Chest,60.0,5,300.0,70.0,1.0566037735849056
2025-09-25,39,Sep,College Gym,66.25,Cut,Dumbbell Press,Chest,20.0,8,160.0,25.333333333333332,0.3823899371069182
2025-09-25,39,Sep,College Gym,66.25,Cut,Dumbbell Press,Chest,20.0,6,120.0,24.0,0.3622641509433962
2025-09-25,39,Sep,College Gym,66.25,Cut,Dumbbell Press,Chest,20.0,5,100.0,23.333333333333336,0.35220125786163525
2025-09-25,39,Sep,College Gym,66.25,Cut,Dumbbell Fly,Chest,10.0,5,50.0,11.666666666666668,0.17610062893081763
2025-09-25,39,Sep,College Gym,66.25,Cut,Dumbbell Fly,Chest,7.5,9,67.5,9.75,0.1471698113207547
2025-09-25,39,Sep,College Gym,66.25,Cut,Dumbbell Fly,Chest,7.5,7,52.5,9.25,0.13962264150943396
2025-09-25,39,Sep,College Gym,66.25,Cut,Tricep Overhead Bar Extension,Triceps,25.0,11,275.0,34.166666666666664,0.5157232704402516
2025-09-25,39,Sep,College Gym,66.25,Cut,Tricep Overhead Bar Extension,Triceps,25.0,9,225.0,32.5,0.49056603773584906
2025-09-25,39,Sep,College Gym,66.25,Cut,Tricep Overhead Bar Extension,Triceps,25.0,6,150.0,30.0,0.4528301886792453
2025-09-25,39,Sep,College Gym,66.25,Cut,Tricep Rope Pushdown,Triceps,45.0,8,360.0,57.0,0.8603773584905661
2025-09-25,39,Sep,College Gym,66.25,Cut,Tricep Rope Pushdown,Triceps,45.0,7,315.0,55.5,0.8377358490566038
2025-09-25,39,Sep,College Gym,66.25,Cut,Tricep Rope Pushdown,Triceps,45.0,7,315.0,55.5,0.8377358490566038
2025-09-26,39,Sep,College Gym,66.25,Cut,Barbell Rowing,Back,17.5,9,157.5,22.75,0.3433962264150943
2025-09-26,39,Sep,College Gym,66.25,Cut,Barbell Rowing,Back,17.5,9,157.5,22.75,0.3433962264150943
2025-09-26,39,Sep,College Gym,66.25,Cut,Barbell Rowing,Back,17.5,9,157.5,22.75,0.3433962264150943
2025-09-26,39,Sep,College Gym,66.25,Cut,Single Arm Pulldown,Back,52.5,11,577.5,71.75,1.0830188679245283
2025-09-26,39,Sep,College Gym,66.25,Cut,Single Arm Pulldown,Back,52.5,10,525.0,70.0,1.0566037735849056
2025-09-26,39,Sep,College Gym,66.25,Cut,Single Arm Pulldown,Back,52.5,6,315.0,63.0,0.9509433962264151
2025-09-26,39,Sep,College Gym,66.25,Cut,Cable Lat Pullovers,Back,37.5,11,412.5,51.25,0.7735849056603774
2025-09-26,39,Sep,College Gym,66.25,Cut,Cable Lat Pullovers,Back,37.5,8,300.0,47.5,0.7169811320754716
2025-09-26,39,Sep,College Gym,66.25,Cut,Cable Lat Pullovers,Back,37.5,6,225.0,45.0,0.6792452830188679
2025-09-26,39,Sep,College Gym,66.25,Cut,Preacher Curl Dumbbell,Biceps,12.5,14,175.0,18.333333333333336,0.2767295597484277
2025-09-26,39,Sep,College Gym,66.25,Cut,Preacher Curl Dumbbell,Biceps,12.5,10,125.0,16.666666666666664,0.2515723270440251
2025-09-26,39,Sep,College Gym,66.25,Cut,Rope Hammer Curls,Biceps,45.0,11,495.0,61.5,0.9283018867924528
2025-09-26,39,Sep,College Gym,66.25,Cut,Rope Hammer Curls,Biceps,45.0,11,495.0,61.5,0.9283018867924528
2025-09-26,39,Sep,College Gym,66.25,Cut,Rope Hammer Curls,Biceps,45.0,11,495.0,61.5,0.9283018867924528
2025-09-27,39,Sep,College Gym,66.2,Cut,Landmine Squats,Legs,30.0,10,300.0,40.0,0.6042296072507553
2025-09-27,39,Sep,College Gym,66.2,Cut,Landmine Squats,Legs,30.0,8,240.0,38.0,0.5740181268882175
2025-09-27,39,Sep,College Gym,66.2,Cut,Landmine Squats,Legs,30.0,9,270.0,39.0,0.5891238670694864
2025-09-27,39,Sep,College Gym,66.2,Cut,Deadlift,Legs,30.0,9,270.0,39.0,0.5891238670694864
2025-09-27,39,Sep,College Gym,66.2,Cut,Deadlift,Legs,30.0,8,240.0,38.0,0.5740181268882175
2025-09-27,39,Sep,College Gym,66.2,Cut,Deadlift,Legs,30.0,6,180.0,36.0,0.5438066465256798
2025-09-27,39,Sep,College Gym,66.2,Cut,Calf Raise On Lpm,Legs,10.0,11,110.0,13.666666666666668,0.20644511581067473
2025-09-27,39,Sep,College Gym,66.2,Cut,Calf Raise On Lpm,Legs,10.0,15,150.0,15.0,0.22658610271903323
2025-09-27,39,Sep,College Gym,66.2,Cut,Calf Raise On Lpm,Legs,10.0,19,190.0,16.333333333333332,0.2467270896273917
2025-09-27,39,Sep,College Gym,66.2,Cut,Seated Lateral Raises,Shoulders,7.5,12,90.0,10.5,0.15861027190332325
2025-09-27,39,Sep,College Gym,66.2,Cut,Seated Lateral Raises,Shoulders,7.5,11,82.5,10.25,0.15483383685800603
2025-09-27,39,Sep,College Gym,66.2,Cut,Seated Lateral Raises,Shoulders,7.5,9,67.5,9.75,0.1472809667673716
2025-09-27,39,Sep,College Gym,66.2,Cut,Face Pull,Shoulders,52.5,7,367.5,64.75,0.97809667673716
2025-09-27,39,Sep,College Gym,66.2,Cut,Face Pull,Shoulders,52.5,7,367.5,64.75,0.97809667673716
2025-09-27,39,Sep,College Gym,66.2,Cut,Face Pull,Shoulders,52.5,7,367.5,64.75,0.97809667673716
2025-09-29,40,Sep,College Gym,65.9,Cut,Incline Chest Press Machine,Chest,60.0,7,420.0,74.0,1.1229135053110773
2025-09-29,40,Sep,College Gym,65.9,Cut,Incline Chest Press Machine,Chest,60.0,6,360.0,72.0,1.0925644916540211
2025-09-29,40,Sep,College Gym,65.9,Cut,Incline Chest Press Machine,Chest,60.0,5,300.0,70.0,1.062215477996965
2025-09-29,40,Sep,College Gym,65.9,Cut,Dumbbell Press,Chest,20.0,8,160.0,25.333333333333332,0.38442083965604446
2025-09-29,40,Sep,College Gym,65.9,Cut,Dumbbell Press,Chest,20.0,7,140.0,24.666666666666668,0.3743045017703591
2025-09-29,40,Sep,College Gym,65.9,Cut,Dumbbell Press,Chest,20.0,6,120.0,24.0,0.36418816388467373
2025-09-29,40,Sep,College Gym,65.9,Cut,Dumbbell Fly,Chest,10.0,6,60.0,12.0,0.18209408194233687
2025-09-29,40,Sep,College Gym,65.9,Cut,Dumbbell Fly,Chest,7.5,9,67.5,9.75,0.14795144157814868
2025-09-29,40,Sep,College Gym,65.9,Cut,Dumbbell Fly,Chest,7.5,6,45.0,9.0,0.13657056145675264
2025-09-29,40,Sep,College Gym,65.9,Cut,Tricep Overhead Bar Extension,Triceps,25.0,11,275.0,34.166666666666664,0.5184623166413758
2025-09-29,40,Sep,College Gym,65.9,Cut,Tricep Overhead Bar Extension,Triceps,25.0,9,225.0,32.5,0.4931714719271623
2025-09-29,40,Sep,College Gym,65.9,Cut,Tricep Overhead Bar Extension,Triceps,25.0,8,200.0,31.666666666666664,0.48052604957005557
2025-09-29,40,Sep,College Gym,65.9,Cut,Tricep Rope Pushdown,Triceps,45.0,11,495.0,61.5,0.9332321699544764
2025-09-29,40,Sep,College Gym,65.9,Cut,Tricep Rope Pushdown,Triceps,45.0,9,405.0,58.5,0.8877086494688922
2025-09-29,40,Sep,College Gym,65.9,Cut,Tricep Rope Pushdown,Triceps,45.0,7,315.0,55.5,0.842185128983308
2025-09-30,40,Sep,College Gym,65.95,Cut,Barbell Rowing,Back,20.0,6,120.0,24.0,0.3639120545868082
2025-09-30,40,Sep,College Gym,65.95,Cut,Barbell Rowing,Back,20.0,7,140.0,24.666666666666668,0.3740207227697751
2025-09-30,40,Sep,College Gym,65.95,Cut,Barbell Rowing,Back,20.0,7,140.0,24.666666666666668,0.3740207227697751
2025-09-30,40,Sep,College Gym,65.95,Cut,Single Arm Pulldown,Back,52.5,12,630.0,73.5,1.1144806671721
2025-09-30,40,Sep,College Gym,65.95,Cut,Single Arm Pulldown,Back,52.5,12,630.0,73.5,1.1144806671721
2025-09-30,40,Sep,College Gym,65.95,Cut,Single Arm Pulldown,Back,60.0,6,360.0,72.0,1.0917361637604246
2025-09-30,40,Sep,College Gym,65.95,Cut,Cable Lat Pullovers,Back,37.5,13,487.5,53.75,0.8150113722517058
2025-09-30,40,Sep,College Gym,65.95,Cut,Cable Lat Pullovers,Back,37.5,10,375.0,50.0,0.7581501137225171
2025-09-30,40,Sep,College Gym,65.95,Cut,Cable Lat Pullovers,Back,37.5,9,337.5,48.75,0.7391963608794541
2025-09-30,40,Sep,College Gym,65.95,Cut,Preacher Curl Dumbbell,Biceps,15.0,7,105.0,18.5,0.2805155420773313
2025-09-30,40,Sep,College Gym,65.95,Cut,Preacher Curl Dumbbell,Biceps,15.0,3,45.0,16.5,0.2501895375284306
2025-09-30,40,Sep,College Gym,65.95,Cut,Preacher Curl Dumbbell,Biceps,12.5,12,150.0,17.5,0.265352539802881
2025-09-30,40,Sep,College Gym,65.95,Cut,Hammer Curls,Biceps,15.0,8,120.0,19.0,0.2880970432145565
2025-09-30,40,Sep,College Gym,65.95,Cut,Hammer Curls,Biceps,15.0,8,120.0,19.0,0.2880970432145565
2025-09-30,40,Sep,College Gym,65.95,Cut,Hammer Curls,Biceps,15.0,6,90.0,18.0,0.27293404094010615
2025-10-13,42,Oct,College Gym,,Cut,Dumbbell Press,Chest,20.0,9,180.0,26.0,
2025-10-13,42,Oct,College Gym,,Cut,Dumbbell Press,Chest,20.0,7,140.0,24.666666666666668,
2025-10-13,42,Oct,College Gym,,Cut,Dumbbell Press,Chest,20.0,6,120.0,24.0,
2025-10-13,42,Oct,College Gym,,Cut,Barbell Rowing,Back,20.0,7,140.0,24.666666666666668,
2025-10-13,42,Oct,College Gym,,Cut,Barbell Rowing,Back,20.0,7,140.0,24.666666666666668,
2025-10-13,42,Oct,College Gym,,Cut,Barbell Rowing,Back,20.0,7,140.0,24.666666666666668,
2025-10-13,42,Oct,College Gym,,Cut,Seated Lateral Raises,Shoulders,7.5,12,90.0,10.5,
2025-10-13,42,Oct,College Gym,,Cut,Seated Lateral Raises,Shoulders,7.5,9,67.5,9.75,
2025-10-13,42,Oct,College Gym,,Cut,Seated Lateral Raises,Shoulders,7.5,7,52.5,9.25,
2025-10-13,42,Oct,College Gym,,Cut,Incline Curls,Biceps,10.0,15,150.0,15.0,
2025-10-13,42,Oct,College Gym,,Cut,Incline Curls,Biceps,10.0,9,90.0,13.0,
2025-10-13,42,Oct,College Gym,,Cut,Tricep Rope Pushdown,Triceps,37.5,19,712.5,61.25,
2025-10-13,42,Oct,College Gym,,Cut,Tricep Rope Pushdown,Triceps,37.5,11,412.5,51.25,
2025-10-13,42,Oct,College Gym,,Cut,Facepull,Shoulders,45.0,11,495.0,61.5,
2025-10-13,42,Oct,College Gym,,Cut,Facepull,Shoulders,45.0,11,495.0,61.5,
2025-10-13,42,Oct,College Gym,,Cut,Facepull,Shoulders,45.0,10,450.0,60.0,
2025-10-14,42,Oct,College Gym,,Cut,Deadlift,Legs,27.5,6,165.0,33.0,
2025-10-14,42,Oct,College Gym,,Cut,Deadlift,Legs,30.0,7,210.0,37.0,
2025-10-14,42,Oct,College Gym,,Cut,Deadlift,Legs,30.0,7,210.0,37.0,
2025-10-14,42,Oct,College Gym,,Cut,Squats,Legs,32.5,9,292.5,42.25,
2025-10-14,42,Oct,College Gym,,Cut,Squats,Legs,32.5,8,260.0,41.166666666666664,
2025-10-14,42,Oct,College Gym,,Cut,Squats,Legs,32.5,7,227.5,40.083333333333336,
2025-10-14,42,Oct,College Gym,,Cut,Calf Raise On Lpm,Legs,17.5,18,315.0,28.0,
2025-10-14,42,Oct,College Gym,,Cut,Calf Raise On Lpm,Legs,17.5,20,350.0,29.166666666666664,
2025-10-14,42,Oct,College Gym,,Cut,Calf Raise On Lpm,Legs,17.5,18,315.0,28.0,
2025-10-14,42,Oct,College Gym,,Cut,Cable Side Lateral,Shoulders,12.5,6,75.0,15.0,
2025-10-14,42,Oct,College Gym,,Cut,Cable Side Lateral,Shoulders,10.0,12,120.0,14.0,
2025-10-14,42,Oct,College Gym,,Cut,Cable Side Lateral,Shoulders,12.5,8,100.0,15.833333333333332,
2025-10-15,42,Oct,College Gym,,Cut,Close Grip Bench Press Ez Bar,Triceps,20.0,4,80.0,22.666666666666664,
2025-10-15,42,Oct,College Gym,,Cut,Close Grip Bench Press Ez Bar,Triceps,17.5,6,105.0,21.0,
2025-10-15,42,Oct,College Gym,,Cut,Close Grip Bench Press Ez Bar,Triceps,17.5,6,105.0,21.0,
2025-10-15,42,Oct,College Gym,,Cut,Tricep Overhead Rope Extension,Triceps,25.0,11,275.0,34.166666666666664,
2025-10-15,42,Oct,College Gym,,Cut,Tricep Overhead Rope Extension,Triceps,25.0,8,200.0,31.666666666666664,
2025-10-15,42,Oct,College Gym,,Cut,Tricep Overhead Rope Extension,Triceps,25.0,3,75.0,27.500000000000004,
2025-10-15,42,Oct,College Gym,,Cut,Incline Curls,Biceps,12.5,10,125.0,16.666666666666664,
2025-10-15,42,Oct,College Gym,,Cut,Incline Curls,Biceps,12.5,7,87.5,15.416666666666668,
2025-10-15,42,Oct,College Gym,,Cut,Incline Curls,Biceps,12.5,6,75.0,15.0,
2025-10-15,42,Oct,College Gym,,Cut,Rope Hammer Curls,Biceps,52.5,9,472.5,68.25,
2025-10-15,42,Oct,College Gym,,Cut,Rope Hammer Curls,Biceps,52.5,8,420.0,66.5,
2025-10-15,42,Oct,College Gym,,Cut,Rope Hammer Curls,Biceps,52.5,8,420.0,66.5,
2025-10-15,42,Oct,College Gym,,Cut,Reverse Curls,Biceps,25.0,10,250.0,33.33333333333333,
2025-10-15,42,Oct,College Gym,,Cut,Reverse Curls,Biceps,25.0,8,200.0,31.666666666666664,
2025-10-15,42,Oct,College Gym,,Cut,Reverse Curls,Biceps,25.0,9,225.0,32.5,
2025-10-27,44,Oct,College Gym,66.55,Cut,Pullups,Back,1.0,4,4.0,1.1333333333333333,0.017029802153769095
2025-10-27,44,Oct,College Gym,66.55,Cut,Pullups,Back,1.0,3,3.0,1.1,0.01652892561983471
2025-10-27,44,Oct,College Gym,66.55,Cut,Pullups,Back,1.0,3,3.0,1.1,0.01652892561983471
2025-10-27,44,Oct,College Gym,66.55,Cut,Dumbbell Fly,Chest,10.0,7,70.0,12.333333333333334,0.18532431755572254
2025-10-27,44,Oct,College Gym,66.55,Cut,Dumbbell Fly,Chest,10.0,8,80.0,12.666666666666666,0.19033308289506637
2025-10-27,44,Oct,College Gym,66.55,Cut,Dumbbell Fly,Chest,10.0,8,80.0,12.666666666666666,0.19033308289506637
2025-10-27,44,Oct,College Gym,66.55,Cut,Barbell Rowing,Back,20.0,6,120.0,24.0,0.36063110443275737
2025-10-27,44,Oct,College Gym,66.55,Cut,Barbell Rowing,Back,20.0,7,140.0,24.666666666666668,0.3706486351114451
2025-10-27,44,Oct,College Gym,66.55,Cut,Barbell Rowing,Back,20.0,6,120.0,24.0,0.36063110443275737
2025-10-27,44,Oct,College Gym,66.55,Cut,Seated Lateral Raises,Shoulders,7.5,11,82.5,10.25,0.15401953418482345
2025-10-27,44,Oct,College Gym,66.55,Cut,Seated Lateral Raises,Shoulders,7.5,9,67.5,9.75,0.14650638617580766
2025-10-27,44,Oct,College Gym,66.55,Cut,Seated Lateral Raises,Shoulders,7.5,8,60.0,9.5,0.14274981217129978
2025-10-27,44,Oct,College Gym,66.55,Cut,Facepull,Shoulders,45.0,13,585.0,64.5,0.9691960931630353
2025-10-27,44,Oct,College Gym,66.55,Cut,Facepull,Shoulders,45.0,10,450.0,60.0,0.9015777610818934
2025-10-27,44,Oct,College Gym,66.55,Cut,Facepull,Shoulders,45.0,9,405.0,58.5,0.879038317054846
2025-10-29,44,Oct,College Gym,65.45,Cut,Close Grip Bench Press Ez Bar,Triceps,20.0,6,120.0,24.0,0.3666921313980137
2025-10-29,44,Oct,College Gym,65.45,Cut,Close Grip Bench Press Ez Bar,Triceps,17.5,8,140.0,22.166666666666664,0.338680926916221
2025-10-29,44,Oct,College Gym,65.45,Cut,Close Grip Bench Press Ez Bar,Triceps,20.0,7,140.0,24.666666666666668,0.3768780239368475
2025-10-29,44,Oct,College Gym,65.45,Cut,Tricep Overhead Rope Extension,Triceps,25.0,11,275.0,34.166666666666664,0.5220269926152279
2025-10-29,44,Oct,College Gym,65.45,Cut,Tricep Overhead Rope Extension,Triceps,25.0,8,200.0,31.666666666666664,0.48382989559460143
2025-10-29,44,Oct,College Gym,65.45,Cut,Tricep Overhead Rope Extension,Triceps,25.0,5,125.0,29.166666666666668,0.44563279857397503
2025-10-29,44,Oct,College Gym,65.45,Cut,Cable Crunches,Core,52.5,15,787.5,78.75,1.2032085561497325
2025-10-29,44,Oct,College Gym,65.45,Cut,Cable Crunches,Core,60.0,15,900.0,90.0,1.3750954927425516
2025-10-29,44,Oct,College Gym,65.45,Cut,Cable Crunches,Core,67.5,8,540.0,85.5,1.3063407181054238
2025-10-29,44,Oct,College Gym,65.45,Cut,Incline Curls,Biceps,12.5,11,137.5,17.083333333333332,0.26101349630761395
2025-10-29,44,Oct,College Gym,65.45,Cut,Incline Curls,Biceps,12.5,9,112.5,16.25,0.2482811306340718
2025-10-29,44,Oct,College Gym,65.45,Cut,Incline Curls,Biceps,12.5,5,62.5,14.583333333333334,0.22281639928698752
2025-10-29,44,Oct,College Gym,65.45,Cut,Rope Hammer Curls,Biceps,52.5,8,420.0,66.5,1.0160427807486632
2025-10-29,44,Oct,College Gym,65.45,Cut,Rope Hammer Curls,Biceps,52.5,8,420.0,66.5,1.0160427807486632
2025-10-29,44,Oct,College Gym,65.45,Cut,Rope Hammer Curls,Biceps,52.5,6,315.0,63.0,0.9625668449197861
2025-10-29,44,Oct,College Gym,65.45,Cut,Reverse Curls,Biceps,25.0,10,250.0,33.33333333333333,0.5092946269416857
2025-10-29,44,Oct,College Gym,65.45,Cut,Reverse Curls,Biceps,25.0,10,250.0,33.33333333333333,0.5092946269416857
2025-10-29,44,Oct,College Gym,65.45,Cut,Reverse Curls,Biceps,25.0,7,175.0,30.833333333333336,0.47109752992105935
2025-10-30,44,Oct,College Gym,65.7,Cut,Deadlift,Legs,30.0,5,150.0,35.0,0.532724505327245
2025-10-30,44,Oct,College Gym,65.7,Cut,Deadlift,Legs,27.5,13,357.5,39.416666666666664,0.5999492643328259
2025-10-30,44,Oct,College Gym,65.7,Cut,Deadlift,Legs,30.0,6,180.0,36.0,0.547945205479452
2025-10-30,44,Oct,College Gym,65.7,Cut,Cable Side Lateral,Shoulders,12.5,9,112.5,16.25,0.24733637747336376
2025-10-30,44,Oct,College Gym,65.7,Cut,Cable Side Lateral,Shoulders,12.5,8,100.0,15.833333333333332,0.24099441907661082
2025-10-30,44,Oct,College Gym,65.7,Cut,Cable Side Lateral,Shoulders,12.5,9,112.5,16.25,0.24733637747336376
2025-10-30,44,Oct,College Gym,65.7,Cut,Squats,Legs,32.5,9,292.5,42.25,0.6430745814307458
2025-10-30,44,Oct,College Gym,65.7,Cut,Squats,Legs,32.5,9,292.5,42.25,0.6430745814307458
2025-10-30,44,Oct,College Gym,65.7,Cut,Squats,Legs,32.5,9,292.5,42.25,0.6430745814307458
2025-10-30,44,Oct,College Gym,65.7,Cut,Calf Raise On Lpm,Legs,30.0,14,420.0,44.0,0.669710806697108
2025-10-30,44,Oct,College Gym,65.7,Cut,Calf Raise On Lpm,Legs,30.0,17,510.0,47.0,0.715372907153729
2025-10-30,44,Oct,College Gym,65.7,Cut,Calf Raise On Lpm,Legs,30.0,18,540.0,48.0,0.730593607305936
2025-11-04,45,Nov,College Gym,65.3,Cut,Pullups,Back,1.0,4,4.0,1.1333333333333333,0.017355793772332824
2025-11-04,45,Nov,College Gym,65.3,Cut,Pullups,Back,1.0,4,4.0,1.1333333333333333,0.017355793772332824
2025-11-04,45,Nov,College Gym,65.3,Cut,Pullups,Back,1.0,3,3.0,1.1,0.016845329249617153
2025-11-04,45,Nov,College Gym,65.3,Cut,Cable Rowing,Back,35.0,12,420.0,49.0,0.7503828483920368
2025-11-04,45,Nov,College Gym,65.3,Cut,Cable Rowing,Back,40.0,7,280.0,49.333333333333336,0.7554874936191935
2025-11-04,45,Nov,College Gym,65.3,Cut,Cable Rowing,Back,40.0,8,320.0,50.666666666666664,0.7759060745278203
2025-11-04,45,Nov,College Gym,65.3,Cut,Dumbbell Press,Chest,20.0,13,260.0,28.666666666666668,0.4389994895354773
2025-11-04,45,Nov,College Gym,65.3,Cut,Dumbbell Press,Chest,20.0,10,200.0,26.666666666666664,0.408371618172537
2025-11-04,45,Nov,College Gym,65.3,Cut,Dumbbell Press,Chest,20.0,7,140.0,24.666666666666668,0.37774374680959677
2025-11-04,45,Nov,College Gym,65.3,Cut,Dumbbell Fly,Chest,7.5,8,60.0,9.5,0.14548238897396631
2025-11-04,45,Nov,College Gym,65.3,Cut,Dumbbell Fly,Chest,7.5,8,60.0,9.5,0.14548238897396631
2025-11-04,45,Nov,College Gym,65.3,Cut,Dumbbell Fly,Chest,7.5,8,60.0,9.5,0.14548238897396631
2025-11-04,45,Nov,College Gym,65.3,Cut,Seated Lateral Raises,Shoulders,7.5,12,90.0,10.5,0.16079632465543645
2025-11-04,45,Nov,College Gym,65.3,Cut,Seated Lateral Raises,Shoulders,7.5,8,60.0,9.5,0.14548238897396631
2025-11-04,45,Nov,College Gym,65.3,Cut,Seated Lateral Raises,Shoulders,7.5,7,52.5,9.25,0.1416539050535988
2025-11-04,45,Nov,College Gym,65.3,Cut,Facepull,Shoulders,45.0,14,630.0,66.0,1.010719754977029
2025-11-04,45,Nov,College Gym,65.3,Cut,Facepull,Shoulders,45.0,14,630.0,66.0,1.010719754977029
2025-11-04,45,Nov,College Gym,65.3,Cut,Facepull,Shoulders,45.0,10,450.0,60.0,0.9188361408882083
2025-11-04,45,Nov,College Gym,65.3,Cut,Tricep Pushdown,Triceps,37.5,16,600.0,57.49999999999999,0.8805513016845329
2025-11-04,45,Nov,College Gym,65.3,Cut,Tricep Pushdown,Triceps,37.5,14,525.0,55.00000000000001,0.8422664624808577
2025-11-04,45,Nov,College Gym,65.3,Cut,Dumbbell Curls,Biceps,10.0,15,150.0,15.0,0.22970903522205208
2025-11-04,45,Nov,College Gym,65.3,Cut,Dumbbell Curls,Biceps,10.0,9,90.0,13.0,0.1990811638591118
2025-11-05,45,Nov,College Gym,64.75,Cut,Overhead Press,Shoulders,17.5,6,105.0,21.0,0.32432432432432434
2025-11-05,45,Nov,College Gym,64.75,Cut,Overhead Press,Shoulders,17.5,6,105.0,21.0,0.32432432432432434
2025-11-05,45,Nov,College Gym,64.75,Cut,Tricep Overhead Rope Extension,Triceps,25.0,9,225.0,32.5,0.5019305019305019
2025-11-05,45,Nov,College Gym,64.75,Cut,Tricep Overhead Rope Extension,Triceps,25.0,7,175.0,30.833333333333336,0.4761904761904762
2025-11-05,45,Nov,College Gym,64.75,Cut,Tricep Overhead Rope Extension,Triceps,25.0,5,125.0,29.166666666666668,0.45045045045045046
2025-11-05,45,Nov,College Gym,64.75,Cut,Incline Curls,Biceps,12.5,10,125.0,16.666666666666664,0.25740025740025735
2025-11-05,45,Nov,College Gym,64.75,Cut,Incline Curls,Biceps,12.5,9,112.5,16.25,0.25096525096525096
2025-11-05,45,Nov,College Gym,64.75,Cut,Incline Curls,Biceps,12.5,6,75.0,15.0,0.23166023166023167
2025-11-05,45,Nov,College Gym,64.75,Cut,Tricep Rope Pushdown,Triceps,45.0,13,585.0,64.5,0.9961389961389961
2025-11-05,45,Nov,College Gym,64.75,Cut,Tricep Rope Pushdown,Triceps,45.0,12,540.0,62.99999999999999,0.9729729729729729
2025-11-05,45,Nov,College Gym,64.75,Cut,Tricep Rope Pushdown,Triceps,45.0,12,540.0,62.99999999999999,0.9729729729729729
2025-11-05,45,Nov,College Gym,64.75,Cut,Incline Hammer Curls,Biceps,12.5,7,87.5,15.416666666666668,0.2380952380952381
2025-11-05,45,Nov,College Gym,64.75,Cut,Incline Hammer Curls,Biceps,12.5,6,75.0,15.0,0.23166023166023167
2025-11-05,45,Nov,College Gym,64.75,Cut,Incline Hammer Curls,Biceps,12.5,4,50.0,14.166666666666666,0.2187902187902188
2025-11-05,45,Nov,College Gym,64.75,Cut,Reverse Curls,Biceps,25.0,11,275.0,34.166666666666664,0.5276705276705277
2025-11-05,45,Nov,College Gym,64.75,Cut,Reverse Curls,Biceps,25.0,10,250.0,33.33333333333333,0.5148005148005147
2025-11-05,45,Nov,College Gym,64.75,Cut,Reverse Curls,Biceps,25.0,11,275.0,34.166666666666664,0.5276705276705277
2025-11-05,45,Nov,College Gym,64.75,Cut,Cable Wrist Flexion,Forearms,30.0,11,330.0,41.0,0.6332046332046332
2025-11-05,45,Nov,College Gym,64.75,Cut,Cable Wrist Flexion,Forearms,30.0,12,360.0,42.0,0.6486486486486487
2025-11-05,45,Nov,College Gym,64.75,Cut,Cable Wrist Flexion,Forearms,30.0,9,270.0,39.0,0.6023166023166023
2025-11-07,45,Nov,College Gym,64.95,Cut,Deadlift,Legs,30.0,5,150.0,35.0,0.5388760585065435
2025-11-07,45,Nov,College Gym,64.95,Cut,Deadlift,Legs,30.0,5,150.0,35.0,0.5388760585065435
2025-11-07,45,Nov,College Gym,64.95,Cut,Deadlift,Legs,30.0,5,150.0,35.0,0.5388760585065435
2025-11-07,45,Nov,College Gym,64.95,Cut,Squats,Legs,32.5,11,357.5,44.416666666666664,0.6838593790094945
2025-11-07,45,Nov,College Gym,64.95,Cut,Squats,Legs,35.0,6,210.0,42.0,0.6466512702078522
2025-11-07,45,Nov,College Gym,64.95,Cut,Squats,Legs,35.0,7,245.0,43.16666666666667,0.6646138054914037
2025-11-07,45,Nov,College Gym,64.95,Cut,Cable Side Lateral,Shoulders,10.0,12,120.0,14.0,0.21555042340261737
2025-11-07,45,Nov,College Gym,64.95,Cut,Cable Side Lateral,Shoulders,10.0,10,100.0,13.333333333333332,0.20528611752630227
2025-11-07,45,Nov,College Gym,64.95,Cut,Cable Side Lateral,Shoulders,10.0,10,100.0,13.333333333333332,0.20528611752630227
2025-11-07,45,Nov,College Gym,64.95,Cut,Cable Crunches,Core,67.5,13,877.5,96.75,1.489607390300231
2025-11-07,45,Nov,College Gym,64.95,Cut,Cable Crunches,Core,67.5,13,877.5,96.75,1.489607390300231
2025-11-07,45,Nov,College Gym,64.95,Cut,Cable Crunches,Core,67.5,11,742.5,92.25,1.4203233256351038
2025-11-08,45,Nov,College Gym,64.8,Cut,Calf Raise On Lpm,Legs,32.5,18,585.0,52.0,0.8024691358024691
2025-11-08,45,Nov,College Gym,64.8,Cut,Calf Raise On Lpm,Legs,32.5,20,650.0,54.166666666666664,0.8359053497942387
2025-11-08,45,Nov,College Gym,64.8,Cut,Calf Raise On Lpm,Legs,32.5,21,682.5,55.25,0.8526234567901235
2025-11-11,46,Nov,College Gym,64.9,Cut,Dumbbell Press,Chest,20.0,11,220.0,27.333333333333336,0.421160760143811
2025-11-11,46,Nov,College Gym,64.9,Cut,Dumbbell Press,Chest,20.0,9,180.0,26.0,0.40061633281972264
2025-11-11,46,Nov,College Gym,64.9,Cut,Dumbbell Press,Chest,20.0,6,120.0,24.0,0.3697996918335901
2025-11-11,46,Nov,College Gym,64.9,Cut,Dumbbell Fly,Chest,7.5,10,75.0,10.0,0.15408320493066255
2025-11-11,46,Nov,College Gym,64.9,Cut,Dumbbell Fly,Chest,7.5,10,75.0,10.0,0.15408320493066255
2025-11-11,46,Nov,College Gym,64.9,Cut,Dumbbell Fly,Chest,7.5,9,67.5,9.75,0.15023112480739598
2025-11-11,46,Nov,College Gym,64.9,Cut,Pullups,Back,1.0,4,4.0,1.1333333333333333,0.01746276322547509
2025-11-11,46,Nov,College Gym,64.9,Cut,Pullups,Back,1.0,3,3.0,1.1,0.01694915254237288
2025-11-11,46,Nov,College Gym,64.9,Cut,Pullups,Back,1.0,3,3.0,1.1,0.01694915254237288
2025-11-11,46,Nov,College Gym,64.9,Cut,Chest Supported Rows,Back,17.5,7,122.5,21.583333333333336,0.33256291730868004
2025-11-11,46,Nov,College Gym,64.9,Cut,Chest Supported Rows,Back,17.5,7,122.5,21.583333333333336,0.33256291730868004
2025-11-11,46,Nov,College Gym,64.9,Cut,Chest Supported Rows,Back,17.5,7,122.5,21.583333333333336,0.33256291730868004
2025-11-13,46,Nov,College Gym,64.6,Bulk,Close Grip Bench Press Ez Bar,Triceps,20.0,4,80.0,22.666666666666664,0.3508771929824561
2025-11-13,46,Nov,College Gym,64.6,Bulk,Close Grip Bench Press Ez Bar,Triceps,17.5,7,122.5,21.583333333333336,0.3341073271413829
2025-11-13,46,Nov,College Gym,64.6,Bulk,Close Grip Bench Press Ez Bar,Triceps,17.5,7,122.5,21.583333333333336,0.3341073271413829
2025-11-13,46,Nov,College Gym,64.6,Bulk,Tricep Overhead Rope Extension,Triceps,25.0,9,225.0,32.5,0.5030959752321982
2025-11-13,46,Nov,College Gym,64.6,Bulk,Tricep Overhead Rope Extension,Triceps,25.0,4,100.0,28.333333333333332,0.4385964912280702
2025-11-13,46,Nov,College Gym,64.6,Bulk,Tricep Overhead Rope Extension,Triceps,20.0,5,100.0,23.333333333333336,0.3611971104231167
2025-11-13,46,Nov,College Gym,64.6,Bulk,Incline Curls,Biceps,12.5,11,137.5,17.083333333333332,0.2644478844169247
2025-11-13,46,Nov,College Gym,64.6,Bulk,Incline Curls,Biceps,12.5,8,100.0,15.833333333333332,0.24509803921568626
2025-11-13,46,Nov,College Gym,64.6,Bulk,Incline Curls,Biceps,12.5,5,62.5,14.583333333333334,0.2257481940144479
2025-11-13,46,Nov,College Gym,64.6,Bulk,Incline Hammer Curls,Biceps,10.0,7,70.0,12.333333333333334,0.1909184726522188
2025-11-13,46,Nov,College Gym,64.6,Bulk,Incline Hammer Curls,Biceps,10.0,8,80.0,12.666666666666666,0.19607843137254902
2025-11-13,46,Nov,College Gym,64.6,Bulk,Incline Hammer Curls,Biceps,10.0,7,70.0,12.333333333333334,0.1909184726522188
2025-11-13,46,Nov,College Gym,64.6,Bulk,Reverse Curls,Biceps,25.0,12,300.0,35.0,0.541795665634675
2025-11-13,46,Nov,College Gym,64.6,Bulk,Reverse Curls,Biceps,25.0,14,350.0,36.66666666666667,0.5675954592363263
2025-11-13,46,Nov,College Gym,64.6,Bulk,Reverse Curls,Biceps,25.0,11,275.0,34.166666666666664,0.5288957688338494
2025-11-13,46,Nov,College Gym,64.6,Bulk,Cable Wrist Flexion,Forearms,30.0,12,360.0,42.0,0.65015479876161
2025-11-13,46,Nov,College Gym,64.6,Bulk,Cable Wrist Flexion,Forearms,30.0,13,390.0,43.0,0.6656346749226006
2025-11-13,46,Nov,College Gym,64.6,Bulk,Cable Wrist Flexion,Forearms,30.0,10,300.0,40.0,0.6191950464396285
2025-11-14,46,Nov,College Gym,65.85,Bulk,Deadlift,Legs,30.0,11,330.0,41.0,0.6226271829916478
2025-11-14,46,Nov,College Gym,65.85,Bulk,Deadlift,Legs,32.5,9,292.5,42.25,0.6416097190584663
2025-11-14,46,Nov,College Gym,65.85,Bulk,Deadlift,Legs,32.5,2,65.0,34.666666666666664,0.5264490002531005
2025-11-14,46,Nov,College Gym,65.85,Bulk,Squats,Legs,35.0,8,280.0,44.33333333333333,0.6732472791698304
2025-11-14,46,Nov,College Gym,65.85,Bulk,Squats,Legs,32.5,9,292.5,42.25,0.6416097190584663
2025-11-14,46,Nov,College Gym,65.85,Bulk,Squats,Legs,32.5,9,292.5,42.25,0.6416097190584663
2025-11-14,46,Nov,College Gym,65.85,Bulk,Calf Raise On Lpm,Legs,35.0,25,875.0,64.16666666666667,0.9744368514300179
2025-11-14,46,Nov,College Gym,65.85,Bulk,Calf Raise On Lpm,Legs,35.0,20,700.0,58.33333333333333,0.885851683118198
2025-11-14,46,Nov,College Gym,65.85,Bulk,Calf Raise On Lpm,Legs,35.0,21,735.0,59.5,0.9035687167805619
2025-11-14,46,Nov,College Gym,65.85,Bulk,Seated Lateral Raises,Shoulders,7.5,13,97.5,10.75,0.16324981017463935
2025-11-14,46,Nov,College Gym,65.85,Bulk,Seated Lateral Raises,Shoulders,7.5,9,67.5,9.75,0.14806378132118453
2025-11-14,46,Nov,College Gym,65.85,Bulk,Seated Lateral Raises,Shoulders,7.5,9,67.5,9.75,0.14806378132118453
2025-11-14,46,Nov,College Gym,65.85,Bulk,Facepull,Shoulders,45.0,11,495.0,61.5,0.9339407744874716
2025-11-14,46,Nov,College Gym,65.85,Bulk,Facepull,Shoulders,45.0,12,540.0,62.99999999999999,0.9567198177676537
2025-11-14,46,Nov,College Gym,65.85,Bulk,Facepull,Shoulders,45.0,10,450.0,60.0,0.9111617312072894
2025-11-17,47,Nov,College Gym,65.3,Bulk,Dumbbell Press,Chest,20.0,8,160.0,25.333333333333332,0.38795303726391017
2025-11-17,47,Nov,College Gym,65.3,Bulk,Dumbbell Press,Chest,20.0,7,140.0,24.666666666666668,0.37774374680959677
2025-11-17,47,Nov,College Gym,65.3,Bulk,Dumbbell Press,Chest,20.0,7,140.0,24.666666666666668,0.37774374680959677
2025-11-17,47,Nov,College Gym,65.3,Bulk,Dumbbell Fly,Chest,7.5,11,82.5,10.25,0.15696784073506892
2025-11-17,47,Nov,College Gym,65.3,Bulk,Dumbbell Fly,Chest,7.5,9,67.5,9.75,0.14931087289433384
2025-11-17,47,Nov,College Gym,65.3,Bulk,Dumbbell Fly,Chest,7.5,9,67.5,9.75,0.14931087289433384
2025-11-17,47,Nov,College Gym,65.3,Bulk,Incline Dumbbell Fly,Chest,7.5,8,60.0,9.5,0.14548238897396631
2025-11-17,47,Nov,College Gym,65.3,Bulk,Incline Dumbbell Fly,Chest,7.5,11,82.5,10.25,0.15696784073506892
2025-11-17,47,Nov,College Gym,65.3,Bulk,Incline Dumbbell Fly,Chest,7.5,9,67.5,9.75,0.14931087289433384
2025-11-17,47,Nov,College Gym,65.3,Bulk,Tricep Rope Pushdown,Triceps,45.0,13,585.0,64.5,0.9877488514548239
2025-11-17,47,Nov,College Gym,65.3,Bulk,Tricep Rope Pushdown,Triceps,45.0,9,405.0,58.5,0.8958652373660031
2025-11-17,47,Nov,College Gym,65.3,Bulk,Tricep Rope Pushdown,Triceps,45.0,9,405.0,58.5,0.8958652373660031
2025-11-17,47,Nov,College Gym,65.3,Bulk,Tricep Kickback,Triceps,5.0,13,65.0,7.166666666666667,0.10974987238386932
2025-11-17,47,Nov,College Gym,65.3,Bulk,Tricep Kickback,Triceps,5.0,11,55.0,6.833333333333334,0.10464522715671262
2025-11-17,47,Nov,College Gym,65.3,Bulk,Tricep Kickback,Triceps,5.0,12,60.0,7.0,0.10719754977029097
2025-11-20,47,Nov,College Gym,66.6,Bulk,Cable Lat Pullovers,Back,37.5,14,525.0,55.00000000000001,0.825825825825826
2025-11-20,47,Nov,College Gym,66.6,Bulk,Cable Lat Pullovers,Back,45.0,6,270.0,54.0,0.8108108108108109
2025-11-20,47,Nov,College Gym,66.6,Bulk,Cable Lat Pullovers,Back,37.5,10,375.0,50.0,0.7507507507507508
2025-11-20,47,Nov,College Gym,66.6,Bulk,Barbell Rowing,Back,20.0,7,140.0,24.666666666666668,0.3703703703703704
2025-11-20,47,Nov,College Gym,66.6,Bulk,Barbell Rowing,Back,20.0,7,140.0,24.666666666666668,0.3703703703703704
2025-11-20,47,Nov,College Gym,66.6,Bulk,Barbell Rowing,Back,20.0,7,140.0,24.666666666666668,0.3703703703703704
2025-11-20,47,Nov,College Gym,66.6,Bulk,Incline Curls,Biceps,12.5,12,150.0,17.5,0.2627627627627628
2025-11-20,47,Nov,College Gym,66.6,Bulk,Incline Curls,Biceps,12.5,7,87.5,15.416666666666668,0.2314814814814815
2025-11-20,47,Nov,College Gym,66.6,Bulk,Incline Curls,Biceps,12.5,6,75.0,15.0,0.22522522522522526
2025-11-20,47,Nov,College Gym,66.6,Bulk,Incline Hammer Curls,Biceps,10.0,8,80.0,12.666666666666666,0.1901901901901902
2025-11-20,47,Nov,College Gym,66.6,Bulk,Incline Hammer Curls,Biceps,10.0,8,80.0,12.666666666666666,0.1901901901901902
2025-11-20,47,Nov,College Gym,66.6,Bulk,Incline Hammer Curls,Biceps,10.0,9,90.0,13.0,0.1951951951951952
2025-11-22,47,Nov,College Gym,66.85,Bulk,Deadlift,Legs,35.0,8,280.0,44.33333333333333,0.6631762652705061
2025-11-22,47,Nov,College Gym,66.85,Bulk,Deadlift,Legs,35.0,5,175.0,40.833333333333336,0.6108202443280978
2025-11-22,47,Nov,College Gym,66.85,Bulk,Deadlift,Legs,35.0,6,210.0,42.0,0.6282722513089006
2025-11-22,47,Nov,College Gym,66.85,Bulk,Cable Side Lateral,Shoulders,10.0,13,130.0,14.333333333333334,0.21441037147843434
2025-11-22,47,Nov,College Gym,66.85,Bulk,Cable Side Lateral,Shoulders,10.0,12,120.0,14.0,0.20942408376963353
2025-11-22,47,Nov,College Gym,66.85,Bulk,Cable Side Lateral,Shoulders,10.0,10,100.0,13.333333333333332,0.1994515083520319
2025-11-22,47,Nov,College Gym,66.85,Bulk,Squats,Legs,35.0,9,315.0,45.5,0.680628272251309
2025-11-22,47,Nov,College Gym,66.85,Bulk,Squats,Legs,35.0,8,280.0,44.33333333333333,0.6631762652705061
2025-11-22,47,Nov,College Gym,66.85,Bulk,Squats,Legs,35.0,6,210.0,42.0,0.6282722513089006
2025-11-22,47,Nov,College Gym,66.85,Bulk,Facepull,Shoulders,45.0,15,675.0,67.5,1.0097232610321616
2025-11-22,47,Nov,College Gym,66.85,Bulk,Facepull,Shoulders,52.5,10,525.0,70.0,1.0471204188481675
2025-11-22,47,Nov,College Gym,66.85,Bulk,Facepull,Shoulders,52.5,9,472.5,68.25,1.0209424083769634
2025-11-25,48,Nov,College Gym,67.2,Bulk,Dumbbell Press,Chest,20.0,10,200.0,26.666666666666664,0.39682539682539675
2025-11-25,48,Nov,College Gym,67.2,Bulk,Dumbbell Press,Chest,20.0,9,180.0,26.0,0.38690476190476186
2025-11-25,48,Nov,College Gym,67.2,Bulk,Dumbbell Press,Chest,20.0,6,120.0,24.0,0.35714285714285715
2025-11-25,48,Nov,College Gym,67.2,Bulk,Incline Dumbbell Fly,Chest,7.5,13,97.5,10.75,0.15997023809523808
2025-11-25,48,Nov,College Gym,67.2,Bulk,Incline Dumbbell Fly,Chest,7.5,10,75.0,10.0,0.1488095238095238
2025-11-25,48,Nov,College Gym,67.2,Bulk,Incline Dumbbell Fly,Chest,7.5,9,67.5,9.75,0.1450892857142857
2025-11-25,48,Nov,College Gym,67.2,Bulk,Dumbbell Fly,Chest,7.5,11,82.5,10.25,0.1525297619047619
2025-11-25,48,Nov,College Gym,67.2,Bulk,Dumbbell Fly,Chest,7.5,9,67.5,9.75,0.1450892857142857
2025-11-25,48,Nov,College Gym,67.2,Bulk,Dumbbell Fly,Chest,7.5,9,67.5,9.75,0.1450892857142857
2025-11-25,48,Nov,College Gym,67.2,Bulk,Tricep Rope Pushdown,Triceps,45.0,14,630.0,66.0,0.9821428571428571
2025-11-25,48,Nov,College Gym,67.2,Bulk,Tricep Rope Pushdown,Triceps,45.0,11,495.0,61.5,0.9151785714285714
2025-11-25,48,Nov,College Gym,67.2,Bulk,Tricep Rope Pushdown,Triceps,45.0,9,405.0,58.5,0.8705357142857143
2025-11-25,48,Nov,College Gym,67.2,Bulk,Tricep Kickback,Triceps,5.0,15,75.0,7.5,0.11160714285714285
2025-11-25,48,Nov,College Gym,67.2,Bulk,Tricep Kickback,Triceps,5.0,12,60.0,7.0,0.10416666666666666
2025-11-25,48,Nov,College Gym,67.2,Bulk,Tricep Kickback,Triceps,5.0,12,60.0,7.0,0.10416666666666666
2025-11-26,48,Nov,College Gym,67.7,Bulk,Barbell Rowing,Back,20.0,8,160.0,25.333333333333332,0.3741999015263417
2025-11-26,48,Nov,College Gym,67.7,Bulk,Barbell Rowing,Back,20.0,7,140.0,24.666666666666668,0.3643525356967011
2025-11-26,48,Nov,College Gym,67.7,Bulk,Barbell Rowing,Back,20.0,6,120.0,24.0,0.35450516986706054
2025-11-26,48,Nov,College Gym,67.7,Bulk,Cable Lat Pullovers,Back,45.0,7,315.0,55.5,0.8197932053175775
2025-11-26,48,Nov,College Gym,67.7,Bulk,Cable Lat Pullovers,Back,37.5,10,375.0,50.0,0.7385524372230428
2025-11-26,48,Nov,College Gym,67.7,Bulk,Cable Lat Pullovers,Back,37.5,10,375.0,50.0,0.7385524372230428
2025-11-26,48,Nov,College Gym,67.7,Bulk,Incline Curls,Biceps,12.5,12,150.0,17.5,0.258493353028065
2025-11-26,48,Nov,College Gym,67.7,Bulk,Incline Curls,Biceps,12.5,6,75.0,15.0,0.22156573116691283
2025-11-26,48,Nov,College Gym,67.7,Bulk,Incline Curls,Biceps,12.5,7,87.5,15.416666666666668,0.2277203348104382
2025-11-26,48,Nov,College Gym,67.7,Bulk,Incline Hammer Curls,Biceps,10.0,10,100.0,13.333333333333332,0.1969473165928114
2025-11-26,48,Nov,College Gym,67.7,Bulk,Incline Hammer Curls,Biceps,10.0,10,100.0,13.333333333333332,0.1969473165928114
2025-11-26,48,Nov,College Gym,67.7,Bulk,Incline Hammer Curls,Biceps,10.0,9,90.0,13.0,0.19202363367799113
2025-11-26,48,Nov,College Gym,67.7,Bulk,Spider Curls,Biceps,5.0,15,75.0,7.5,0.11078286558345642
2025-11-26,48,Nov,College Gym,67.7,Bulk,Spider Curls,Biceps,5.0,10,50.0,6.666666666666666,0.0984736582964057
2025-11-27,48,Nov,College Gym,68.85,Bulk,Deadlift,Legs,30.0,8,240.0,38.0,0.551924473493101
2025-11-27,48,Nov,College Gym,68.85,Bulk,Deadlift,Legs,30.0,8,240.0,38.0,0.551924473493101
2025-11-27,48,Nov,College Gym,68.85,Bulk,Deadlift,Legs,30.0,8,240.0,38.0,0.551924473493101
2025-11-27,48,Nov,College Gym,68.85,Bulk,Squats,Legs,35.0,10,350.0,46.666666666666664,0.6778019849915276
2025-11-27,48,Nov,College Gym,68.85,Bulk,Squats,Legs,35.0,9,315.0,45.5,0.6608569353667394
2025-11-27,48,Nov,College Gym,68.85,Bulk,Squats,Legs,35.0,8,280.0,44.33333333333333,0.6439118857419511
2025-11-27,48,Nov,College Gym,68.85,Bulk,Cable Side Lateral,Shoulders,10.0,13,130.0,14.333333333333334,0.20818203824739775
2025-11-27,48,Nov,College Gym,68.85,Bulk,Cable Side Lateral,Shoulders,10.0,12,120.0,14.0,0.20334059549745825
2025-11-27,48,Nov,College Gym,68.85,Bulk,Cable Side Lateral,Shoulders,10.0,10,100.0,13.333333333333332,0.19365770999757928
2025-11-27,48,Nov,College Gym,68.85,Bulk,Facepull,Shoulders,52.5,11,577.5,71.75,1.0421205519244736
2025-11-27,48,Nov,College Gym,68.85,Bulk,Facepull,Shoulders,52.5,8,420.0,66.5,0.9658678286129267
2025-11-27,48,Nov,College Gym,68.85,Bulk,Facepull,Shoulders,52.5,7,367.5,64.75,0.9404502541757445
2025-11-27,48,Nov,College Gym,68.85,Bulk,Seated Lateral Raises,Shoulders,7.5,10,75.0,10.0,0.14524328249818447
2025-11-27,48,Nov,College Gym,68.85,Bulk,Seated Lateral Raises,Shoulders,7.5,9,67.5,9.75,0.14161220043572986
2025-11-27,48,Nov,College Gym,68.85,Bulk,Seated Lateral Raises,Shoulders,5.0,13,65.0,7.166666666666667,0.10409101912369888
2025-11-27,48,Nov,College Gym,68.85,Bulk,Calf Raise On Lpm,Legs,40.0,22,880.0,69.33333333333334,1.0070200919874124
2025-11-27,48,Nov,College Gym,68.85,Bulk,Calf Raise On Lpm,Legs,40.0,20,800.0,66.66666666666666,0.9682885499878964
2025-11-27,48,Nov,College Gym,68.85,Bulk,Calf Raise On Lpm,Legs,40.0,25,1000.0,73.33333333333334,1.0651174049866863
2025-12-01,49,Dec,College Gym,67.9,Bulk,Dumbbell Press,Chest,20.0,11,220.0,27.333333333333336,0.4025527736867943
2025-12-01,49,Dec,College Gym,67.9,Bulk,Dumbbell Press,Chest,25.0,2,50.0,26.666666666666668,0.39273441335297005
2025-12-01,49,Dec,College Gym,67.9,Bulk,Dumbbell Press,Chest,20.0,8,160.0,25.333333333333332,0.3730976926853215
2025-12-01,49,Dec,College Gym,67.9,Bulk,Incline Dumbbell Fly,Chest,7.5,13,97.5,10.75,0.15832106038291605
2025-12-01,49,Dec,College Gym,67.9,Bulk,Incline Dumbbell Fly,Chest,7.5,10,75.0,10.0,0.14727540500736375
2025-12-01,49,Dec,College Gym,67.9,Bulk,Incline Dumbbell Fly,Chest,7.5,10,75.0,10.0,0.14727540500736375
2025-12-01,49,Dec,College Gym,67.9,Bulk,Dumbbell Fly,Chest,7.5,13,97.5,10.75,0.15832106038291605
2025-12-01,49,Dec,College Gym,67.9,Bulk,Dumbbell Fly,Chest,7.5,11,82.5,10.25,0.15095729013254786
2025-12-01,49,Dec,College Gym,67.9,Bulk,Dumbbell Fly,Chest,7.5,10,75.0,10.0,0.14727540500736375
2025-12-01,49,Dec,College Gym,67.9,Bulk,Tricep Kickback,Triceps,10.0,11,110.0,13.666666666666668,0.20127638684339716
2025-12-01,49,Dec,College Gym,67.9,Bulk,Tricep Kickback,Triceps,10.0,8,80.0,12.666666666666666,0.18654884634266075
2025-12-01,49,Dec,College Gym,67.9,Bulk,Tricep Kickback,Triceps,10.0,7,70.0,12.333333333333334,0.18163966617574864
2025-12-01,49,Dec,College Gym,67.9,Bulk,Tricep Overhead Rope Extension,Triceps,25.0,7,175.0,30.833333333333336,0.4540991654393716
2025-12-01,49,Dec,College Gym,67.9,Bulk,Tricep Overhead Rope Extension,Triceps,25.0,10,250.0,33.33333333333333,0.49091801669121243
2025-12-01,49,Dec,College Gym,67.9,Bulk,Tricep Overhead Rope Extension,Triceps,25.0,9,225.0,32.5,0.4786450662739322
2025-12-02,49,Dec,College Gym,68.05,Bulk,Barbell Rowing,Back,20.0,7,140.0,24.666666666666668,0.36247856967915754
2025-12-02,49,Dec,College Gym,68.05,Bulk,Barbell Rowing,Back,17.5,8,140.0,22.166666666666664,0.3257408768062699
2025-12-02,49,Dec,College Gym,68.05,Bulk,Barbell Rowing,Back,17.5,8,140.0,22.166666666666664,0.3257408768062699
2025-12-02,49,Dec,College Gym,68.05,Bulk,Single Arm Pulldown,Back,45.0,9,405.0,58.5,0.8596620132255695
2025-12-02,49,Dec,College Gym,68.05,Bulk,Single Arm Pulldown,Back,45.0,8,360.0,57.0,0.8376193975018369
2025-12-02,49,Dec,College Gym,68.05,Bulk,Single Arm Pulldown,Back,45.0,8,360.0,57.0,0.8376193975018369
2025-12-02,49,Dec,College Gym,68.05,Bulk,Cable Lat Pullovers,Back,37.5,8,300.0,47.5,0.6980161645848642
2025-12-02,49,Dec,College Gym,68.05,Bulk,Cable Lat Pullovers,Back,37.5,9,337.5,48.75,0.7163850110213079
2025-12-02,49,Dec,College Gym,68.05,Bulk,Cable Lat Pullovers,Back,37.5,7,262.5,46.25,0.6796473181484203
2025-12-02,49,Dec,College Gym,68.05,Bulk,Incline Curls,Biceps,15.0,6,90.0,18.0,0.2645113886847906
2025-12-02,49,Dec,College Gym,68.05,Bulk,Incline Curls,Biceps,12.5,8,100.0,15.833333333333332,0.23267205486162135
2025-12-02,49,Dec,College Gym,68.05,Bulk,Incline Curls,Biceps,12.5,6,75.0,15.0,0.2204261572373255
2025-12-02,49,Dec,College Gym,68.05,Bulk,Incline Hammer Curls,Biceps,10.0,11,110.0,13.666666666666668,0.20083272103845215
2025-12-02,49,Dec,College Gym,68.05,Bulk,Incline Hammer Curls,Biceps,10.0,9,90.0,13.0,0.19103600293901543
2025-12-02,49,Dec,College Gym,68.05,Bulk,Incline Hammer Curls,Biceps,10.0,9,90.0,13.0,0.19103600293901543
2025-12-02,49,Dec,College Gym,68.05,Bulk,Spider Curls,Biceps,5.0,14,70.0,7.333333333333334,0.10776389909380359
2025-12-02,49,Dec,College Gym,68.05,Bulk,Spider Curls,Biceps,5.0,12,60.0,7.0,0.10286554004408524
2025-12-04,49,Dec,College Gym,68.65,Bulk,Close Grip Bench Press Ez Bar,Triceps,20.0,6,120.0,24.0,0.34959941733430444
2025-12-04,49,Dec,College Gym,68.65,Bulk,Close Grip Bench Press Ez Bar,Triceps,17.5,9,157.5,22.75,0.3313911143481427
2025-12-04,49,Dec,College Gym,68.65,Bulk,Close Grip Bench Press Ez Bar,Triceps,17.5,7,122.5,21.583333333333336,0.3143966982277252
2025-12-04,49,Dec,College Gym,68.65,Bulk,Tricep Pushdown,Triceps,30.0,12,360.0,42.0,0.6117989803350328
2025-12-04,49,Dec,College Gym,68.65,Bulk,Tricep Pushdown,Triceps,37.5,10,375.0,50.0,0.7283321194464675
2025-12-04,49,Dec,College Gym,68.65,Bulk,Tricep Pushdown,Triceps,30.0,10,300.0,40.0,0.5826656955571741
2025-12-04,49,Dec,College Gym,68.65,Bulk,Cable Preacher Curls,Biceps,25.0,11,275.0,34.166666666666664,0.4976936149550861
2025-12-04,49,Dec,College Gym,68.65,Bulk,Cable Preacher Curls,Biceps,25.0,10,250.0,33.33333333333333,0.48555474629764495
2025-12-04,49,Dec,College Gym,68.65,Bulk,Cable Preacher Curls,Biceps,25.0,9,225.0,32.5,0.4734158776402039
2025-12-04,49,Dec,College Gym,68.65,Bulk,Single Arm Hammer Curls,Biceps,10.0,12,120.0,14.0,0.2039329934450109
2025-12-04,49,Dec,College Gym,68.65,Bulk,Single Arm Hammer Curls,Biceps,10.0,11,110.0,13.666666666666668,0.19907744598203447
2025-12-04,49,Dec,College Gym,68.65,Bulk,Single Arm Hammer Curls,Biceps,10.0,11,110.0,13.666666666666668,0.19907744598203447
2025-12-04,49,Dec,College Gym,68.65,Bulk,Incline Side Lateral Raises,Shoulders,5.0,13,65.0,7.166666666666667,0.10439427045399369
2025-12-04,49,Dec,College Gym,68.65,Bulk,Incline Side Lateral Raises,Shoulders,5.0,12,60.0,7.0,0.10196649672250545
2025-12-04,49,Dec,College Gym,68.65,Bulk,Incline Side Lateral Raises,Shoulders,5.0,11,55.0,6.833333333333334,0.09953872299101724
2025-12-04,49,Dec,College Gym,68.65,Bulk,Reverse Curls,Biceps,25.0,12,300.0,35.0,0.5098324836125273
2025-12-04,49,Dec,College Gym,68.65,Bulk,Reverse Curls,Biceps,25.0,10,250.0,33.33333333333333,0.48555474629764495
2025-12-04,49,Dec,College Gym,68.65,Bulk,Reverse Curls,Biceps,25.0,9,225.0,32.5,0.4734158776402039
2025-12-04,49,Dec,College Gym,68.65,Bulk,Cable Wrist Flexion,Forearms,30.0,12,360.0,42.0,0.6117989803350328
2025-12-04,49,Dec,College Gym,68.65,Bulk,Cable Wrist Flexion,Forearms,30.0,11,330.0,41.0,0.5972323379461034
2025-12-04,49,Dec,College Gym,68.65,Bulk,Cable Wrist Flexion,Forearms,30.0,8,240.0,38.0,0.5535324107793154
2025-12-06,49,Dec,College Gym,68.9,Bulk,Deadlift,Legs,30.0,6,180.0,36.0,0.5224963715529752
2025-12-06,49,Dec,College Gym,68.9,Bulk,Deadlift,Legs,30.0,10,300.0,40.0,0.5805515239477503
2025-12-06,49,Dec,College Gym,68.9,Bulk,Deadlift,Legs,30.0,4,120.0,34.0,0.49346879535558774
2025-12-06,49,Dec,College Gym,68.9,Bulk,Squats,Legs,37.5,7,262.5,46.25,0.6712626995645863
2025-12-06,49,Dec,College Gym,68.9,Bulk,Squats,Legs,37.5,7,262.5,46.25,0.6712626995645863
2025-12-06,49,Dec,College Gym,68.9,Bulk,Squats,Legs,35.0,6,210.0,42.0,0.6095791001451378
2025-12-06,49,Dec,College Gym,68.9,Bulk,Goblet Squats,Legs,12.5,15,187.5,18.75,0.27213352685050796
2025-12-06,49,Dec,College Gym,68.9,Bulk,Goblet Squats,Legs,15.0,12,180.0,21.0,0.3047895500725689
2025-12-06,49,Dec,College Gym,68.9,Bulk,Seated Lateral Raises,Shoulders,7.5,11,82.5,10.25,0.14876632801161102
2025-12-06,49,Dec,College Gym,68.9,Bulk,Seated Lateral Raises,Shoulders,7.5,9,67.5,9.75,0.14150943396226415
2025-12-06,49,Dec,College Gym,68.9,Bulk,Seated Lateral Raises,Shoulders,7.5,7,52.5,9.25,0.13425253991291727
2025-12-06,49,Dec,College Gym,68.9,Bulk,Facepull,Shoulders,52.5,12,630.0,73.5,1.0667634252539913
2025-12-06,49,Dec,College Gym,68.9,Bulk,Facepull,Shoulders,52.5,10,525.0,70.0,1.015965166908563
2025-12-06,49,Dec,College Gym,68.9,Bulk,Facepull,Shoulders,52.5,9,472.5,68.25,0.990566037735849
2025-12-06,49,Dec,College Gym,68.9,Bulk,Cable Side Lateral,Shoulders,10.0,12,120.0,14.0,0.2031930333817126
2025-12-06,49,Dec,College Gym,68.9,Bulk,Cable Side Lateral,Shoulders,10.0,10,100.0,13.333333333333332,0.19351717464925008
2025-12-06,49,Dec,College Gym,68.9,Bulk,Cable Side Lateral,Shoulders,10.0,7,70.0,12.333333333333334,0.17900338655055636
2025-12-08,50,Dec,College Gym,68.7,Bulk,Dumbbell Press,Chest,20.0,10,200.0,26.666666666666664,0.3881610868510431
2025-12-08,50,Dec,College Gym,68.7,Bulk,Dumbbell Press,Chest,20.0,7,140.0,24.666666666666668,0.35904900533721495
2025-12-08,50,Dec,College Gym,68.7,Bulk,Dumbbell Press,Chest,20.0,6,120.0,24.0,0.34934497816593885
2025-12-08,50,Dec,College Gym,68.7,Bulk,Incline Dumbbell Fly,Chest,7.5,14,105.0,11.0,0.16011644832605532
2025-12-08,50,Dec,College Gym,68.7,Bulk,Incline Dumbbell Fly,Chest,7.5,10,75.0,10.0,0.14556040756914118
2025-12-08,50,Dec,College Gym,68.7,Bulk,Incline Dumbbell Fly,Chest,7.5,10,75.0,10.0,0.14556040756914118
2025-12-08,50,Dec,College Gym,68.7,Bulk,Dumbbell Fly,Chest,7.5,13,97.5,10.75,0.15647743813682677
2025-12-08,50,Dec,College Gym,68.7,Bulk,Dumbbell Fly,Chest,7.5,10,75.0,10.0,0.14556040756914118
2025-12-08,50,Dec,College Gym,68.7,Bulk,Dumbbell Fly,Chest,7.5,10,75.0,10.0,0.14556040756914118
2025-12-08,50,Dec,College Gym,68.7,Bulk,Tricep Kickback,Triceps,10.0,14,140.0,14.666666666666668,0.21348859776807375
2025-12-08,50,Dec,College Gym,68.7,Bulk,Tricep Kickback,Triceps,15.0,7,105.0,18.5,0.2692867540029112
2025-12-08,50,Dec,College Gym,68.7,Bulk,Tricep Kickback,Triceps,10.0,10,100.0,13.333333333333332,0.19408054342552156
2025-12-08,50,Dec,College Gym,68.7,Bulk,Tricep Overhead Rope Extension,Triceps,25.0,8,200.0,31.666666666666664,0.46094129063561373
2025-12-08,50,Dec,College Gym,68.7,Bulk,Tricep Overhead Rope Extension,Triceps,25.0,7,175.0,30.833333333333336,0.4488112566715187
2025-12-08,50,Dec,College Gym,68.7,Bulk,Tricep Overhead Rope Extension,Triceps,25.0,5,125.0,29.166666666666668,0.4245511887433285
2025-12-08,50,Dec,College Gym,68.7,Bulk,Tricep Rope Pushdown,Triceps,25.0,15,375.0,37.5,0.5458515283842794
2025-12-08,50,Dec,College Gym,68.7,Bulk,Tricep Rope Pushdown,Triceps,25.0,15,375.0,37.5,0.5458515283842794
2025-12-09,50,Dec,College Gym,68.9,Bulk,Barbell Rowing,Back,20.0,8,160.0,25.333333333333332,0.3676826318335752
2025-12-09,50,Dec,College Gym,68.9,Bulk,Barbell Rowing,Back,20.0,9,180.0,26.0,0.3773584905660377
2025-12-09,50,Dec,College Gym,68.9,Bulk,Barbell Rowing,Back,20.0,7,140.0,24.666666666666668,0.35800677310111273
2025-12-09,50,Dec,College Gym,68.9,Bulk,Single Arm Pulldown,Back,45.0,11,495.0,61.5,0.8925979680696661
2025-12-09,50,Dec,College Gym,68.9,Bulk,Single Arm Pulldown,Back,52.5,6,315.0,63.0,0.9143686502177067
2025-12-09,50,Dec,College Gym,68.9,Bulk,Single Arm Pulldown,Back,45.0,10,450.0,60.0,0.8708272859216255
2025-12-09,50,Dec,College Gym,68.9,Bulk,Cable Lat Pullovers,Back,37.5,10,375.0,50.0,0.7256894049346879
2025-12-09,50,Dec,College Gym,68.9,Bulk,Cable Lat Pullovers,Back,37.5,10,375.0,50.0,0.7256894049346879
2025-12-09,50,Dec,College Gym,68.9,Bulk,Cable Lat Pullovers,Back,37.5,7,262.5,46.25,0.6712626995645863
2025-12-09,50,Dec,College Gym,68.9,Bulk,Incline Curls,Biceps,15.0,7,105.0,18.5,0.26850507982583455
2025-12-09,50,Dec,College Gym,68.9,Bulk,Incline Curls,Biceps,15.0,6,90.0,18.0,0.2612481857764876
2025-12-09,50,Dec,College Gym,68.9,Bulk,Incline Curls,Biceps,12.5,7,87.5,15.416666666666668,0.22375423318819546
2025-12-09,50,Dec,College Gym,68.9,Bulk,Incline Hammer Curls,Biceps,10.0,11,110.0,13.666666666666668,0.19835510401548137
2025-12-09,50,Dec,College Gym,68.9,Bulk,Incline Hammer Curls,Biceps,10.0,10,100.0,13.333333333333332,0.19351717464925008
2025-12-09,50,Dec,College Gym,68.9,Bulk,Incline Hammer Curls,Biceps,10.0,9,90.0,13.0,0.18867924528301885
2025-12-09,50,Dec,College Gym,68.9,Bulk,Spider Curls,Biceps,7.5,8,60.0,9.5,0.1378809869375907
2025-12-09,50,Dec,College Gym,68.9,Bulk,Spider Curls,Biceps,5.0,10,50.0,6.666666666666666,0.09675858732462504
2025-12-13,50,Dec,Soro Gym,69.3,Bulk,Dumbbell Rdl,Legs,25.0,7,175.0,30.833333333333336,0.444925444925445
2025-12-13,50,Dec,Soro Gym,69.3,Bulk,Dumbbell Rdl,Legs,25.0,7,175.0,30.833333333333336,0.444925444925445
2025-12-13,50,Dec,Soro Gym,69.3,Bulk,Dumbbell Rdl,Legs,25.0,7,175.0,30.833333333333336,0.444925444925445
2025-12-13,50,Dec,Soro Gym,69.3,Bulk,Leg Press,Legs,52.5,10,525.0,70.0,1.0101010101010102
2025-12-13,50,Dec,Soro Gym,69.3,Bulk,Leg Press,Legs,52.5,10,525.0,70.0,1.0101010101010102
2025-12-13,50,Dec,Soro Gym,69.3,Bulk,Leg Press,Legs,52.5,8,420.0,66.5,0.9595959595959597
2025-12-13,50,Dec,Soro Gym,69.3,Bulk,Goblet Squats,Legs,17.5,15,262.5,26.25,0.3787878787878788
2025-12-13,50,Dec,Soro Gym,69.3,Bulk,Goblet Squats,Legs,20.0,12,240.0,28.0,0.40404040404040403
2025-12-13,50,Dec,Soro Gym,69.3,Bulk,Goblet Squats,Legs,20.0,12,240.0,28.0,0.40404040404040403
2025-12-13,50,Dec,Soro Gym,69.3,Bulk,Seated Lateral Raises,Shoulders,7.5,12,90.0,10.5,0.15151515151515152
2025-12-13,50,Dec,Soro Gym,69.3,Bulk,Seated Lateral Raises,Shoulders,7.5,9,67.5,9.75,0.1406926406926407
2025-12-13,50,Dec,Soro Gym,69.3,Bulk,Seated Lateral Raises,Shoulders,7.5,8,60.0,9.5,0.1370851370851371
2025-12-13,50,Dec,Soro Gym,69.3,Bulk,Machine Lateral Raises,Shoulders,5.0,8,40.0,6.333333333333333,0.0913900913900914
2025-12-13,50,Dec,Soro Gym,69.3,Bulk,Machine Lateral Raises,Shoulders,5.0,8,40.0,6.333333333333333,0.0913900913900914
2025-12-13,50,Dec,Soro Gym,69.3,Bulk,Machine Lateral Raises,Shoulders,5.0,9,45.0,6.5,0.09379509379509379
2025-12-13,50,Dec,Soro Gym,69.3,Bulk,Reverse Pec Fly,Shoulders,30.0,12,360.0,42.0,0.6060606060606061
2025-12-13,50,Dec,Soro Gym,69.3,Bulk,Reverse Pec Fly,Shoulders,30.0,12,360.0,42.0,0.6060606060606061
2025-12-13,50,Dec,Soro Gym,69.3,Bulk,Reverse Pec Fly,Shoulders,30.0,10,300.0,40.0,0.5772005772005773
2025-12-15,51,Dec,Soro Gym,69.75,Bulk,Mag Grip Lat Pulldown,Back,60.0,7,420.0,74.0,1.060931899641577
2025-12-15,51,Dec,Soro Gym,69.75,Bulk,Mag Grip Lat Pulldown,Back,60.0,7,420.0,74.0,1.060931899641577
2025-12-15,51,Dec,Soro Gym,69.75,Bulk,Mag Grip Lat Pulldown,Back,60.0,6,360.0,72.0,1.032258064516129
2025-12-15,51,Dec,Soro Gym,69.75,Bulk,Barbell Rowing,Back,20.0,9,180.0,26.0,0.3727598566308244
2025-12-15,51,Dec,Soro Gym,69.75,Bulk,Barbell Rowing,Back,20.0,9,180.0,26.0,0.3727598566308244
2025-12-15,51,Dec,Soro Gym,69.75,Bulk,Barbell Rowing,Back,20.0,8,160.0,25.333333333333332,0.36320191158900833
2025-12-15,51,Dec,Soro Gym,69.75,Bulk,Single Arm Pulldown,Back,50.0,8,400.0,63.33333333333333,0.9080047789725209
2025-12-15,51,Dec,Soro Gym,69.75,Bulk,Single Arm Pulldown,Back,50.0,8,400.0,63.33333333333333,0.9080047789725209
2025-12-15,51,Dec,Soro Gym,69.75,Bulk,Single Arm Pulldown,Back,50.0,6,300.0,60.0,0.8602150537634409
2025-12-15,51,Dec,Soro Gym,69.75,Bulk,Cable Lat Pullovers,Back,42.5,8,340.0,53.83333333333333,0.7718040621266427
2025-12-15,51,Dec,Soro Gym,69.75,Bulk,Cable Lat Pullovers,Back,42.5,9,382.5,55.25,0.7921146953405018
2025-12-15,51,Dec,Soro Gym,69.75,Bulk,Cable Lat Pullovers,Back,42.5,8,340.0,53.83333333333333,0.7718040621266427
2025-12-15,51,Dec,Soro Gym,69.75,Bulk,Incline Curls,Biceps,15.0,8,120.0,19.0,0.2724014336917563
2025-12-15,51,Dec,Soro Gym,69.75,Bulk,Incline Curls,Biceps,15.0,6,90.0,18.0,0.25806451612903225
2025-12-15,51,Dec,Soro Gym,69.75,Bulk,Incline Curls,Biceps,12.5,6,75.0,15.0,0.21505376344086022
2025-12-15,51,Dec,Soro Gym,69.75,Bulk,Incline Hammer Curls,Biceps,10.0,11,110.0,13.666666666666668,0.1959378733572282
2025-12-15,51,Dec,Soro Gym,69.75,Bulk,Incline Hammer Curls,Biceps,10.0,9,90.0,13.0,0.1863799283154122
2025-12-15,51,Dec,Soro Gym,69.75,Bulk,Incline Hammer Curls,Biceps,10.0,10,100.0,13.333333333333332,0.19115890083632017
2025-12-15,51,Dec,Soro Gym,69.75,Bulk,Machine Preacher Curls,Biceps,10.0,10,100.0,13.333333333333332,0.19115890083632017
2025-12-15,51,Dec,Soro Gym,69.75,Bulk,Machine Preacher Curls,Biceps,10.0,11,110.0,13.666666666666668,0.1959378733572282
2025-12-16,51,Dec,Soro Gym,70.6,Bulk,Incline Chest Press Machine 2,Chest,70.0,3,210.0,77.0,1.0906515580736544
2025-12-16,51,Dec,Soro Gym,70.6,Bulk,Incline Chest Press Machine 2,Chest,55.0,8,440.0,69.66666666666666,0.9867799811142587
2025-12-16,51,Dec,Soro Gym,70.6,Bulk,Incline Chest Press Machine 2,Chest,55.0,9,495.0,71.5,1.0127478753541077
2025-12-16,51,Dec,Soro Gym,70.6,Bulk,Incline Dumbbell Fly,Chest,10.0,9,90.0,13.0,0.18413597733711048
2025-12-16,51,Dec,Soro Gym,70.6,Bulk,Incline Dumbbell Fly,Chest,10.0,10,100.0,13.333333333333332,0.18885741265344663
2025-12-16,51,Dec,Soro Gym,70.6,Bulk,Incline Dumbbell Fly,Chest,10.0,7,70.0,12.333333333333334,0.17469310670443816
2025-12-16,51,Dec,Soro Gym,70.6,Bulk,Dumbbell Press,Chest,20.0,8,160.0,25.333333333333332,0.3588290840415486
2025-12-16,51,Dec,Soro Gym,70.6,Bulk,Dumbbell Press,Chest,20.0,6,120.0,24.0,0.33994334277620397
2025-12-16,51,Dec,Soro Gym,70.6,Bulk,Dumbbell Press,Chest,20.0,6,120.0,24.0,0.33994334277620397
2025-12-16,51,Dec,Soro Gym,70.6,Bulk,Pecdec Fly,Chest,20.0,10,200.0,26.666666666666664,0.37771482530689326
2025-12-16,51,Dec,Soro Gym,70.6,Bulk,Pecdec Fly,Chest,25.0,12,300.0,35.0,0.4957507082152975
2025-12-16,51,Dec,Soro Gym,70.6,Bulk,Pecdec Fly,Chest,30.0,8,240.0,38.0,0.538243626062323
2025-12-16,51,Dec,Soro Gym,70.6,Bulk,Tricep Kickback,Triceps,15.0,8,120.0,19.0,0.2691218130311615
2025-12-16,51,Dec,Soro Gym,70.6,Bulk,Tricep Kickback,Triceps,15.0,6,90.0,18.0,0.254957507082153
2025-12-16,51,Dec,Soro Gym,70.6,Bulk,Tricep Kickback,Triceps,10.0,10,100.0,13.333333333333332,0.18885741265344663
2025-12-16,51,Dec,Soro Gym,70.6,Bulk,Tricep Overhead Rope Extension,Triceps,25.0,3,75.0,27.500000000000004,0.3895184135977338
2025-12-16,51,Dec,Soro Gym,70.6,Bulk,Tricep Overhead Rope Extension,Triceps,20.0,7,140.0,24.666666666666668,0.3493862134088763
2025-12-16,51,Dec,Soro Gym,70.6,Bulk,Tricep Overhead Rope Extension,Triceps,20.0,6,120.0,24.0,0.33994334277620397
2025-12-16,51,Dec,Soro Gym,70.6,Bulk,Tricep Rope Pushdown,Triceps,25.0,17,425.0,39.166666666666664,0.5547686496694996
2025-12-16,51,Dec,Soro Gym,70.6,Bulk,Tricep Rope Pushdown,Triceps,25.0,17,425.0,39.166666666666664,0.5547686496694996
2025-12-16,51,Dec,Soro Gym,70.6,Bulk,Machine Abs Crunches,Core,15.0,10,150.0,20.0,0.28328611898017
2025-12-16,51,Dec,Soro Gym,70.6,Bulk,Machine Abs Crunches,Core,15.0,10,150.0,20.0,0.28328611898017
2025-12-16,51,Dec,Soro Gym,70.6,Bulk,Machine Abs Crunches,Core,15.0,9,135.0,19.5,0.27620396600566577
2025-12-18,51,Dec,Soro Gym,70.25,Bulk,Closegrip Benchpress Straight Bar,Triceps,20.0,4,80.0,22.666666666666664,0.3226571767497034
2025-12-18,51,Dec,Soro Gym,70.25,Bulk,Closegrip Benchpress Straight Bar,Triceps,15.0,8,120.0,19.0,0.2704626334519573
2025-12-18,51,Dec,Soro Gym,70.25,Bulk,Closegrip Benchpress Straight Bar,Triceps,15.0,8,120.0,19.0,0.2704626334519573
2025-12-18,51,Dec,Soro Gym,70.25,Bulk,Machine Preacher Curls,Biceps,20.0,7,140.0,24.666666666666668,0.3511269276393832
2025-12-18,51,Dec,Soro Gym,70.25,Bulk,Machine Preacher Curls,Biceps,20.0,6,120.0,24.0,0.3416370106761566
2025-12-18,51,Dec,Soro Gym,70.25,Bulk,Machine Preacher Curls,Biceps,15.0,7,105.0,18.5,0.26334519572953735
2025-12-18,51,Dec,Soro Gym,70.25,Bulk,Tricep Pushdown,Triceps,42.5,10,425.0,56.666666666666664,0.8066429418742586
2025-12-18,51,Dec,Soro Gym,70.25,Bulk,Tricep Pushdown,Triceps,50.0,8,400.0,63.33333333333333,0.9015421115065243
2025-12-18,51,Dec,Soro Gym,70.25,Bulk,Tricep Pushdown,Triceps,50.0,8,400.0,63.33333333333333,0.9015421115065243
2025-12-18,51,Dec,Soro Gym,70.25,Bulk,Single Arm Hammer Curls,Biceps,15.0,10,150.0,20.0,0.2846975088967972
2025-12-18,51,Dec,Soro Gym,70.25,Bulk,Single Arm Hammer Curls,Biceps,20.0,7,140.0,24.666666666666668,0.3511269276393832
2025-12-18,51,Dec,Soro Gym,70.25,Bulk,Single Arm Hammer Curls,Biceps,20.0,7,140.0,24.666666666666668,0.3511269276393832
2025-12-18,51,Dec,Soro Gym,70.25,Bulk,Incline Side Lateral Raises,Shoulders,5.0,13,65.0,7.166666666666667,0.10201660735468565
2025-12-18,51,Dec,Soro Gym,70.25,Bulk,Incline Side Lateral Raises,Shoulders,7.5,8,60.0,9.5,0.13523131672597866
2025-12-18,51,Dec,Soro Gym,70.25,Bulk,Incline Side Lateral Raises,Shoulders,7.5,8,60.0,9.5,0.13523131672597866
2025-12-18,51,Dec,Soro Gym,70.25,Bulk,Reverse Curls,Biceps,25.0,12,300.0,35.0,0.498220640569395
2025-12-18,51,Dec,Soro Gym,70.25,Bulk,Reverse Curls,Biceps,25.0,8,200.0,31.666666666666664,0.45077105575326215
2025-12-18,51,Dec,Soro Gym,70.25,Bulk,Reverse Curls,Biceps,25.0,7,175.0,30.833333333333336,0.438908659549229
2025-12-18,51,Dec,Soro Gym,70.25,Bulk,Cable Wrist Flexion,Forearms,30.0,14,420.0,44.0,0.6263345195729537
2025-12-18,51,Dec,Soro Gym,70.25,Bulk,Cable Wrist Flexion,Forearms,35.0,10,350.0,46.666666666666664,0.66429418742586
2025-12-18,51,Dec,Soro Gym,70.25,Bulk,Cable Wrist Flexion,Forearms,35.0,6,210.0,42.0,0.597864768683274
2025-12-20,51,Dec,Soro Gym,71.3,Bulk,Dumbbell Rdl,Legs,25.0,8,200.0,31.666666666666664,0.44413277232351567
2025-12-20,51,Dec,Soro Gym,71.3,Bulk,Dumbbell Rdl,Legs,25.0,8,200.0,31.666666666666664,0.44413277232351567
2025-12-20,51,Dec,Soro Gym,71.3,Bulk,Dumbbell Rdl,Legs,25.0,7,175.0,30.833333333333336,0.43244506778868635
2025-12-20,51,Dec,Soro Gym,71.3,Bulk,Leg Press,Legs,52.5,11,577.5,71.75,1.0063113604488079
2025-12-20,51,Dec,Soro Gym,71.3,Bulk,Leg Press,Legs,55.0,8,440.0,69.66666666666666,0.9770920991117343
2025-12-20,51,Dec,Soro Gym,71.3,Bulk,Leg Press,Legs,57.5,10,575.0,76.66666666666666,1.075268817204301
2025-12-20,51,Dec,Soro Gym,71.3,Bulk,Leg Press,Legs,60.0,6,360.0,72.0,1.0098176718092566
2025-12-20,51,Dec,Soro Gym,71.3,Bulk,Goblet Squats,Legs,20.0,15,300.0,30.0,0.420757363253857
2025-12-20,51,Dec,Soro Gym,71.3,Bulk,Goblet Squats,Legs,25.0,7,175.0,30.833333333333336,0.43244506778868635
2025-12-20,51,Dec,Soro Gym,71.3,Bulk,Goblet Squats,Legs,25.0,8,200.0,31.666666666666664,0.44413277232351567
2025-12-20,51,Dec,Soro Gym,71.3,Bulk,Machine Lateral Raises,Shoulders,5.0,10,50.0,6.666666666666666,0.09350163627863488
2025-12-20,51,Dec,Soro Gym,71.3,Bulk,Machine Lateral Raises,Shoulders,5.0,9,45.0,6.5,0.091164095371669
2025-12-20,51,Dec,Soro Gym,71.3,Bulk,Machine Lateral Raises,Shoulders,5.0,8,40.0,6.333333333333333,0.08882655446470313
2025-12-20,51,Dec,Soro Gym,71.3,Bulk,Reverse Pec Fly,Shoulders,35.0,8,280.0,44.33333333333333,0.6217858812529219
2025-12-20,51,Dec,Soro Gym,71.3,Bulk,Reverse Pec Fly,Shoulders,30.0,9,270.0,39.0,0.5469845722300141
2025-12-20,51,Dec,Soro Gym,71.3,Bulk,Reverse Pec Fly,Shoulders,30.0,10,300.0,40.0,0.5610098176718092
2025-12-20,51,Dec,Soro Gym,71.3,Bulk,Dumbbell Calf Raises,Legs,12.5,15,187.5,18.75,0.2629733520336606
2025-12-20,51,Dec,Soro Gym,71.3,Bulk,Dumbbell Calf Raises,Legs,12.5,14,175.0,18.333333333333336,0.25712949976624594
2025-12-20,51,Dec,Soro Gym,71.3,Bulk,Dumbbell Calf Raises,Legs,12.5,15,187.5,18.75,0.2629733520336606
2025-12-20,51,Dec,Soro Gym,71.3,Bulk,Machine Abs Crunches,Core,20.0,7,140.0,24.666666666666668,0.34595605423094905
2025-12-20,51,Dec,Soro Gym,71.3,Bulk,Machine Abs Crunches,Core,20.0,6,120.0,24.0,0.33660589060308554
2025-12-20,51,Dec,Soro Gym,71.3,Bulk,Machine Abs Crunches,Core,20.0,6,120.0,24.0,0.33660589060308554
2025-12-22,52,Dec,Soro Gym,70.6,Bulk,Mag Grip Lat Pulldown,Back,60.0,8,480.0,76.0,1.076487252124646
2025-12-22,52,Dec,Soro Gym,70.6,Bulk,Mag Grip Lat Pulldown,Back,60.0,9,540.0,78.0,1.104815864022663
2025-12-22,52,Dec,Soro Gym,70.6,Bulk,Mag Grip Lat Pulldown,Back,60.0,8,480.0,76.0,1.076487252124646
2025-12-22,52,Dec,Soro Gym,70.6,Bulk,Barbell Rowing,Back,22.5,7,157.5,27.75,0.39305949008498586
2025-12-22,52,Dec,Soro Gym,70.6,Bulk,Barbell Rowing,Back,22.5,6,135.0,27.0,0.3824362606232295
2025-12-22,52,Dec,Soro Gym,70.6,Bulk,Barbell Rowing,Back,20.0,8,160.0,25.333333333333332,0.3588290840415486
2025-12-22,52,Dec,Soro Gym,70.6,Bulk,Barbell Rowing,Back,20.0,7,140.0,24.666666666666668,0.3493862134088763
2025-12-22,52,Dec,Soro Gym,70.6,Bulk,Cable Lat Pullovers,Back,42.5,10,425.0,56.666666666666664,0.8026440037771483
2025-12-22,52,Dec,Soro Gym,70.6,Bulk,Cable Lat Pullovers,Back,42.5,9,382.5,55.25,0.7825779036827196
2025-12-22,52,Dec,Soro Gym,70.6,Bulk,Incline Curls,Biceps,15.0,8,120.0,19.0,0.2691218130311615
2025-12-22,52,Dec,Soro Gym,70.6,Bulk,Incline Curls,Biceps,15.0,6,90.0,18.0,0.254957507082153
2025-12-22,52,Dec,Soro Gym,70.6,Bulk,Incline Curls,Biceps,12.5,7,87.5,15.416666666666668,0.21836638338054773
2025-12-22,52,Dec,Soro Gym,70.6,Bulk,Incline Hammer Curls,Biceps,10.0,12,120.0,14.0,0.19830028328611898
2025-12-22,52,Dec,Soro Gym,70.6,Bulk,Incline Hammer Curls,Biceps,10.0,10,100.0,13.333333333333332,0.18885741265344663
2025-12-22,52,Dec,Soro Gym,70.6,Bulk,Incline Hammer Curls,Biceps,10.0,10,100.0,13.333333333333332,0.18885741265344663
2025-12-22,52,Dec,Soro Gym,70.6,Bulk,Machine Abs Crunches,Core,20.0,9,180.0,26.0,0.36827195467422097
2025-12-22,52,Dec,Soro Gym,70.6,Bulk,Machine Abs Crunches,Core,20.0,6,120.0,24.0,0.33994334277620397
2025-12-22,52,Dec,Soro Gym,70.6,Bulk,Machine Abs Crunches,Core,20.0,8,160.0,25.333333333333332,0.3588290840415486
2025-12-24,52,Dec,Soro Gym,70.95,Bulk,Incline Chest Press Machine 2,Chest,62.5,7,437.5,77.08333333333334,1.0864458538877144
2025-12-24,52,Dec,Soro Gym,70.95,Bulk,Incline Chest Press Machine 2,Chest,62.5,8,500.0,79.16666666666666,1.115809255344139
2025-12-24,52,Dec,Soro Gym,70.95,Bulk,Incline Chest Press Machine 2,Chest,62.5,7,437.5,77.08333333333334,1.0864458538877144
2025-12-24,52,Dec,Soro Gym,70.95,Bulk,Incline Chest Press Machine 2,Chest,62.5,4,250.0,70.83333333333333,0.9983556495184401
2025-12-24,52,Dec,Soro Gym,70.95,Bulk,Dumbbell Press,Chest,20.0,9,180.0,26.0,0.3664552501761804
2025-12-24,52,Dec,Soro Gym,70.95,Bulk,Dumbbell Press,Chest,20.0,9,180.0,26.0,0.3664552501761804
2025-12-24,52,Dec,Soro Gym,70.95,Bulk,Dumbbell Press,Chest,20.0,7,140.0,24.666666666666668,0.3476626732440686
2025-12-24,52,Dec,Soro Gym,70.95,Bulk,Incline Dumbbell Fly,Chest,10.0,11,110.0,13.666666666666668,0.19262391355414613
2025-12-24,52,Dec,Soro Gym,70.95,Bulk,Incline Dumbbell Fly,Chest,10.0,9,90.0,13.0,0.1832276250880902
2025-12-24,52,Dec,Soro Gym,70.95,Bulk,Incline Dumbbell Fly,Chest,10.0,9,90.0,13.0,0.1832276250880902
2025-12-24,52,Dec,Soro Gym,70.95,Bulk,Tricep Overhead Rope Extension,Triceps,25.0,10,250.0,33.33333333333333,0.4698144233027953
2025-12-24,52,Dec,Soro Gym,70.95,Bulk,Tricep Overhead Rope Extension,Triceps,25.0,7,175.0,30.833333333333336,0.43457834155508573
2025-12-24,52,Dec,Soro Gym,70.95,Bulk,Tricep Overhead Rope Extension,Triceps,25.0,6,150.0,30.0,0.4228329809725158
2025-12-24,52,Dec,Soro Gym,70.95,Bulk,Tricep Rope Pushdown,Triceps,35.0,10,350.0,46.666666666666664,0.6577401926239135
2025-12-24,52,Dec,Soro Gym,70.95,Bulk,Tricep Rope Pushdown,Triceps,35.0,9,315.0,45.5,0.6412966878083157
2025-12-24,52,Dec,Soro Gym,70.95,Bulk,Tricep Rope Pushdown,Triceps,35.0,9,315.0,45.5,0.6412966878083157
2025-12-24,52,Dec,Soro Gym,70.95,Bulk,Dumbbell Calf Raises,Legs,15.0,16,240.0,23.0,0.3241719520789288
2025-12-24,52,Dec,Soro Gym,70.95,Bulk,Dumbbell Calf Raises,Legs,15.0,15,225.0,22.5,0.3171247357293869
2025-12-24,52,Dec,Soro Gym,70.95,Bulk,Dumbbell Calf Raises,Legs,15.0,15,225.0,22.5,0.3171247357293869
2025-12-24,52,Dec,Soro Gym,70.95,Bulk,Seated Dumbbell Calf Raises,Legs,15.0,16,240.0,23.0,0.3241719520789288
2025-12-24,52,Dec,Soro Gym,70.95,Bulk,Seated Dumbbell Calf Raises,Legs,15.0,15,225.0,22.5,0.3171247357293869
2025-12-24,52,Dec,Soro Gym,70.95,Bulk,Seated Dumbbell Calf Raises,Legs,15.0,16,240.0,23.0,0.3241719520789288
2025-12-25,52,Dec,Soro Gym,71.0,Bulk,Leg Press,Legs,60.0,8,480.0,76.0,1.0704225352112675
2025-12-25,52,Dec,Soro Gym,71.0,Bulk,Leg Press,Legs,60.0,10,600.0,80.0,1.1267605633802817
2025-12-25,52,Dec,Soro Gym,71.0,Bulk,Leg Press,Legs,62.5,8,500.0,79.16666666666666,1.1150234741784035
2025-12-25,52,Dec,Soro Gym,71.0,Bulk,Leg Press,Legs,62.5,7,437.5,77.08333333333334,1.085680751173709
2025-12-25,52,Dec,Soro Gym,71.0,Bulk,Cable Rdl,Legs,42.5,13,552.5,60.916666666666664,0.857981220657277
2025-12-25,52,Dec,Soro Gym,71.0,Bulk,Cable Rdl,Legs,50.0,15,750.0,75.0,1.056338028169014
2025-12-25,52,Dec,Soro Gym,71.0,Bulk,Cable Rdl,Legs,57.5,13,747.5,82.41666666666667,1.1607981220657277
2025-12-25,52,Dec,Soro Gym,71.0,Bulk,Goblet Squats,Legs,25.0,10,250.0,33.33333333333333,0.4694835680751173
2025-12-25,52,Dec,Soro Gym,71.0,Bulk,Goblet Squats,Legs,25.0,10,250.0,33.33333333333333,0.4694835680751173
2025-12-25,52,Dec,Soro Gym,71.0,Bulk,Machine Lateral Raises,Shoulders,5.0,12,60.0,7.0,0.09859154929577464
2025-12-25,52,Dec,Soro Gym,71.0,Bulk,Machine Lateral Raises,Shoulders,5.0,10,50.0,6.666666666666666,0.09389671361502347
2025-12-25,52,Dec,Soro Gym,71.0,Bulk,Machine Lateral Raises,Shoulders,5.0,10,50.0,6.666666666666666,0.09389671361502347
2025-12-25,52,Dec,Soro Gym,71.0,Bulk,Reverse Pec Fly,Shoulders,35.0,10,350.0,46.666666666666664,0.6572769953051643
2025-12-25,52,Dec,Soro Gym,71.0,Bulk,Reverse Pec Fly,Shoulders,35.0,10,350.0,46.666666666666664,0.6572769953051643
2025-12-25,52,Dec,Soro Gym,71.0,Bulk,Dumbbell Calf Raises,Legs,17.5,12,210.0,24.5,0.34507042253521125
2025-12-25,52,Dec,Soro Gym,71.0,Bulk,Dumbbell Calf Raises,Legs,17.5,12,210.0,24.5,0.34507042253521125
2025-12-25,52,Dec,Soro Gym,71.0,Bulk,Machine Abs Crunches,Core,20.0,11,220.0,27.333333333333336,0.3849765258215963
2025-12-25,52,Dec,Soro Gym,71.0,Bulk,Machine Abs Crunches,Core,20.0,8,160.0,25.333333333333332,0.3568075117370892
2025-12-27,52,Dec,Soro Gym,71.9,Bulk,Closegrip Benchpress Straight Bar,Triceps,20.0,4,80.0,22.666666666666664,0.3152526657394529
2025-12-27,52,Dec,Soro Gym,71.9,Bulk,Closegrip Benchpress Straight Bar,Triceps,17.5,7,122.5,21.583333333333336,0.3001854427445526
2025-12-27,52,Dec,Soro Gym,71.9,Bulk,Closegrip Benchpress Straight Bar,Triceps,17.5,7,122.5,21.583333333333336,0.3001854427445526
2025-12-27,52,Dec,Soro Gym,71.9,Bulk,Tricep Rope Pushdown,Triceps,35.0,13,455.0,50.166666666666664,0.6977283263792303
2025-12-27,52,Dec,Soro Gym,71.9,Bulk,Tricep Rope Pushdown,Triceps,42.5,10,425.0,56.666666666666664,0.7881316643486322
2025-12-27,52,Dec,Soro Gym,71.9,Bulk,Tricep Rope Pushdown,Triceps,42.5,8,340.0,53.83333333333333,0.7487250811312006
2025-12-27,52,Dec,Soro Gym,71.9,Bulk,Seated Lateral Raises,Shoulders,7.5,14,105.0,11.0,0.15299026425591097
2025-12-27,52,Dec,Soro Gym,71.9,Bulk,Seated Lateral Raises,Shoulders,7.5,10,75.0,10.0,0.13908205841446453
2025-12-27,52,Dec,Soro Gym,71.9,Bulk,Seated Lateral Raises,Shoulders,7.5,9,67.5,9.75,0.1356050069541029
2025-12-27,52,Dec,Soro Gym,71.9,Bulk,Machine Preacher Curls,Biceps,20.0,8,160.0,25.333333333333332,0.35234121464997675
2025-12-27,52,Dec,Soro Gym,71.9,Bulk,Machine Preacher Curls,Biceps,20.0,7,140.0,24.666666666666668,0.3430690774223458
2025-12-27,52,Dec,Soro Gym,71.9,Bulk,Machine Preacher Curls,Biceps,15.0,10,150.0,20.0,0.27816411682892905
2025-12-27,52,Dec,Soro Gym,71.9,Bulk,Single Arm Hammer Curls,Biceps,20.0,8,160.0,25.333333333333332,0.35234121464997675
2025-12-27,52,Dec,Soro Gym,71.9,Bulk,Single Arm Hammer Curls,Biceps,20.0,7,140.0,24.666666666666668,0.3430690774223458
2025-12-27,52,Dec,Soro Gym,71.9,Bulk,Single Arm Hammer Curls,Biceps,20.0,8,160.0,25.333333333333332,0.35234121464997675
2025-12-27,52,Dec,Soro Gym,71.9,Bulk,Reverse Curls,Biceps,25.0,15,375.0,37.5,0.521557719054242
2025-12-27,52,Dec,Soro Gym,71.9,Bulk,Reverse Curls,Biceps,25.0,10,250.0,33.33333333333333,0.46360686138154833
2025-12-27,52,Dec,Soro Gym,71.9,Bulk,Incline Dumbbell Press,Chest,20.0,8,160.0,25.333333333333332,0.35234121464997675
2025-12-27,52,Dec,Soro Gym,71.9,Bulk,Incline Dumbbell Press,Chest,20.0,7,140.0,24.666666666666668,0.3430690774223458
2025-12-27,52,Dec,Soro Gym,71.9,Bulk,Reverse Lat Pulldown,Back,50.0,10,500.0,66.66666666666666,0.9272137227630967
2025-12-27,52,Dec,Soro Gym,71.9,Bulk,Reverse Lat Pulldown,Back,55.0,7,385.0,67.83333333333334,0.9434399629114512
2025-12-29,1,Dec,Soro Gym,71.55,Bulk,Mag Grip Lat Pulldown,Back,60.0,11,660.0,82.0,1.146051712089448
2025-12-29,1,Dec,Soro Gym,71.55,Bulk,Mag Grip Lat Pulldown,Back,60.0,11,660.0,82.0,1.146051712089448
2025-12-29,1,Dec,Soro Gym,71.55,Bulk,Mag Grip Lat Pulldown,Back,65.0,6,390.0,78.0,1.0901467505241091
2025-12-29,1,Dec,Soro Gym,71.55,Bulk,Barbell Rowing,Back,22.5,9,202.5,29.25,0.4088050314465409
2025-12-29,1,Dec,Soro Gym,71.55,Bulk,Barbell Rowing,Back,22.5,7,157.5,27.75,0.38784067085953877
2025-12-29,1,Dec,Soro Gym,71.55,Bulk,Barbell Rowing,Back,22.5,6,135.0,27.0,0.37735849056603776
2025-12-29,1,Dec,Soro Gym,71.55,Bulk,Barbell Rowing,Back,20.0,8,160.0,25.333333333333332,0.35406475658047987
2025-12-29,1,Dec,Soro Gym,71.55,Bulk,Cable Lat Pullovers,Back,42.5,14,595.0,62.333333333333336,0.871185651059865
2025-12-29,1,Dec,Soro Gym,71.55,Bulk,Cable Lat Pullovers,Back,50.0,7,350.0,61.66666666666667,0.8618681574656418
2025-12-29,1,Dec,Soro Gym,71.55,Bulk,Machine Abs Crunches,Core,20.0,10,200.0,26.666666666666664,0.3726997437689261
2025-12-29,1,Dec,Soro Gym,71.55,Bulk,Machine Abs Crunches,Core,20.0,9,180.0,26.0,0.363382250174703
2025-12-29,1,Dec,Soro Gym,71.55,Bulk,Machine Abs Crunches,Core,20.0,10,200.0,26.666666666666664,0.3726997437689261
2025-12-29,1,Dec,Soro Gym,71.55,Bulk,Incline Curls,Biceps,15.0,10,150.0,20.0,0.27952480782669464
2025-12-29,1,Dec,Soro Gym,71.55,Bulk,Incline Curls,Biceps,15.0,8,120.0,19.0,0.2655485674353599
2025-12-29,1,Dec,Soro Gym,71.55,Bulk,Incline Curls,Biceps,15.0,6,90.0,18.0,0.25157232704402516
2025-12-29,1,Dec,Soro Gym,71.55,Bulk,Dumbbell Hammer Curls,,12.5,9,112.5,16.25,0.22711390635918938
2025-12-29,1,Dec,Soro Gym,71.55,Bulk,Dumbbell Hammer Curls,,12.5,9,112.5,16.25,0.22711390635918938
2025-12-29,1,Dec,Soro Gym,71.55,Bulk,Dumbbell Hammer Curls,,12.5,9,112.5,16.25,0.22711390635918938
2025-12-31,1,Dec,Soro Gym,71.05,Bulk,Incline Chest Press Machine 2,Chest,62.5,10,625.0,83.33333333333333,1.172882946281961
2025-12-31,1,Dec,Soro Gym,71.05,Bulk,Incline Chest Press Machine 2,Chest,62.5,8,500.0,79.16666666666666,1.1142387989678628
2025-12-31,1,Dec,Soro Gym,71.05,Bulk,Incline Chest Press Machine 2,Chest,62.5,8,500.0,79.16666666666666,1.1142387989678628
2025-12-31,1,Dec,Soro Gym,71.05,Bulk,Incline Chest Press Machine 2,Chest,62.5,6,375.0,75.0,1.055594651653765
2025-12-31,1,Dec,Soro Gym,71.05,Bulk,Benchpress,Chest,20.0,3,60.0,22.0,0.30964109781843774
2025-12-31,1,Dec,Soro Gym,71.05,Bulk,Benchpress,Chest,17.5,4,70.0,19.833333333333332,0.2791461412151067
2025-12-31,1,Dec,Soro Gym,71.05,Bulk,Benchpress,Chest,17.5,5,87.5,20.416666666666668,0.2873563218390805
2025-12-31,1,Dec,Soro Gym,71.05,Bulk,Incline Dumbbell Fly,Chest,10.0,12,120.0,14.0,0.19704433497536947
2025-12-31,1,Dec,Soro Gym,71.05,Bulk,Incline Dumbbell Fly,Chest,10.0,9,90.0,13.0,0.18296973961998594
2025-12-31,1,Dec,Soro Gym,71.05,Bulk,Incline Dumbbell Fly,Chest,10.0,10,100.0,13.333333333333332,0.18766127140511377
2025-12-31,1,Dec,Soro Gym,71.05,Bulk,Tricep Overhead Rope Extension,Triceps,25.0,12,300.0,35.0,0.49261083743842365
2025-12-31,1,Dec,Soro Gym,71.05,Bulk,Tricep Overhead Rope Extension,Triceps,25.0,9,225.0,32.5,0.4574243490499648
2025-12-31,1,Dec,Soro Gym,71.05,Bulk,Tricep Overhead Rope Extension,Triceps,25.0,7,175.0,30.833333333333336,0.43396669012432565
2025-12-31,1,Dec,Soro Gym,71.05,Bulk,Tricep Rope Pushdown,Triceps,42.5,11,467.5,58.083333333333336,0.817499413558527
2025-12-31,1,Dec,Soro Gym,71.05,Bulk,Tricep Rope Pushdown,Triceps,42.5,10,425.0,56.666666666666664,0.7975604034717335
2025-12-31,1,Dec,Soro Gym,71.05,Bulk,Tricep Rope Pushdown,Triceps,42.5,10,425.0,56.666666666666664,0.7975604034717335
2025-12-31,1,Dec,Soro Gym,71.05,Bulk,Dumbbell Calf Raises,Legs,17.5,9,157.5,22.75,0.32019704433497537
2025-12-31,1,Dec,Soro Gym,71.05,Bulk,Dumbbell Calf Raises,Legs,17.5,7,122.5,21.583333333333336,0.303776683087028
2025-12-31,1,Dec,Soro Gym,71.05,Bulk,Dumbbell Calf Raises,Legs,17.5,9,157.5,22.75,0.32019704433497537
2026-01-01,1,Jan,Soro Gym,71.3,Bulk,Leg Press,Legs,62.5,10,625.0,83.33333333333333,1.168770453482936
2026-01-01,1,Jan,Soro Gym,71.3,Bulk,Leg Press,Legs,62.5,10,625.0,83.33333333333333,1.168770453482936
2026-01-01,1,Jan,Soro Gym,71.3,Bulk,Leg Press,Legs,62.5,8,500.0,79.16666666666666,1.1103319308087891
2026-01-01,1,Jan,Soro Gym,71.3,Bulk,Leg Press,Legs,62.5,8,500.0,79.16666666666666,1.1103319308087891
2026-01-01,1,Jan,Soro Gym,71.3,Bulk,Cable Rdl,Legs,65.0,10,650.0,86.66666666666666,1.2155212716222532
2026-01-01,1,Jan,Soro Gym,71.3,Bulk,Cable Rdl,Legs,65.0,11,715.0,88.83333333333333,1.2459093034128097
2026-01-01,1,Jan,Soro Gym,71.3,Bulk,Cable Rdl,Legs,65.0,11,715.0,88.83333333333333,1.2459093034128097
2026-01-01,1,Jan,Soro Gym,71.3,Bulk,Hamstring Curls,Legs,15.0,15,225.0,22.5,0.3155680224403927
2026-01-01,1,Jan,Soro Gym,71.3,Bulk,Hamstring Curls,Legs,15.0,12,180.0,21.0,0.29453015427769985
2026-01-01,1,Jan,Soro Gym,71.3,Bulk,Machine Lateral Raises,Shoulders,7.5,6,45.0,9.0,0.12622720897615708
2026-01-01,1,Jan,Soro Gym,71.3,Bulk,Machine Lateral Raises,Shoulders,5.0,13,65.0,7.166666666666667,0.1005142589995325
2026-01-01,1,Jan,Soro Gym,71.3,Bulk,Machine Lateral Raises,Shoulders,5.0,11,55.0,6.833333333333334,0.09583917718560075
2026-01-01,1,Jan,Soro Gym,71.3,Bulk,Reverse Pec Fly,Shoulders,35.0,12,420.0,49.0,0.6872370266479664
2026-01-01,1,Jan,Soro Gym,71.3,Bulk,Reverse Pec Fly,Shoulders,35.0,11,385.0,47.833333333333336,0.6708742402992053
2026-01-01,1,Jan,Soro Gym,71.3,Bulk,Machine Abs Crunches,Core,25.0,7,175.0,30.833333333333336,0.43244506778868635
2026-01-01,1,Jan,Soro Gym,71.3,Bulk,Machine Abs Crunches,Core,25.0,8,200.0,31.666666666666664,0.44413277232351567
2026-01-01,1,Jan,Soro Gym,71.3,Bulk,Machine Abs Crunches,Core,25.0,6,150.0,30.0,0.420757363253857
2026-01-01,1,Jan,Soro Gym,71.3,Bulk,Dumbbell Calf Raises,Legs,17.5,11,192.5,23.916666666666668,0.33543712014960264
2026-01-01,1,Jan,Soro Gym,71.3,Bulk,Dumbbell Calf Raises,Legs,17.5,10,175.0,23.333333333333332,0.32725572697522204
2026-01-01,1,Jan,Soro Gym,71.3,Bulk,Dumbbell Calf Raises,Legs,17.5,10,175.0,23.333333333333332,0.32725572697522204
2026-01-02,1,Jan,Soro Gym,72.6,Bulk,Closegrip Benchpress Straight Bar,Triceps,20.0,5,100.0,23.333333333333336,0.32139577594123053
2026-01-02,1,Jan,Soro Gym,72.6,Bulk,Closegrip Benchpress Straight Bar,Triceps,17.5,7,122.5,21.583333333333336,0.29729109274563825
2026-01-02,1,Jan,Soro Gym,72.6,Bulk,Closegrip Benchpress Straight Bar,Triceps,17.5,7,122.5,21.583333333333336,0.29729109274563825
2026-01-02,1,Jan,Soro Gym,72.6,Bulk,Tricep Rope Pushdown,Triceps,42.5,12,510.0,59.49999999999999,0.8195592286501377
2026-01-02,1,Jan,Soro Gym,72.6,Bulk,Tricep Rope Pushdown,Triceps,42.5,10,425.0,56.666666666666664,0.7805325987144169
2026-01-02,1,Jan,Soro Gym,72.6,Bulk,Tricep Rope Pushdown,Triceps,50.0,7,350.0,61.66666666666667,0.849403122130395
2026-01-02,1,Jan,Soro Gym,72.6,Bulk,Machine Preacher Curls,Biceps,20.0,10,200.0,26.666666666666664,0.3673094582185491
2026-01-02,1,Jan,Soro Gym,72.6,Bulk,Machine Preacher Curls,Biceps,20.0,9,180.0,26.0,0.3581267217630854
2026-01-02,1,Jan,Soro Gym,72.6,Bulk,Machine Preacher Curls,Biceps,20.0,8,160.0,25.333333333333332,0.34894398530762166
2026-01-02,1,Jan,Soro Gym,72.6,Bulk,Cable Fly,Chest,15.0,15,225.0,22.5,0.30991735537190085
2026-01-02,1,Jan,Soro Gym,72.6,Bulk,Cable Fly,Chest,20.0,12,240.0,28.0,0.3856749311294766
2026-01-02,1,Jan,Soro Gym,72.6,Bulk,Reverse Lat Pulldown,Back,55.0,8,440.0,69.66666666666666,0.9595959595959596
2026-01-02,1,Jan,Soro Gym,72.6,Bulk,Reverse Lat Pulldown,Back,50.0,10,500.0,66.66666666666666,0.9182736455463728
2026-01-02,1,Jan,Soro Gym,72.6,Bulk,Single Arm Hammer Curls,Biceps,20.0,10,200.0,26.666666666666664,0.3673094582185491
2026-01-02,1,Jan,Soro Gym,72.6,Bulk,Single Arm Hammer Curls,Biceps,20.0,9,180.0,26.0,0.3581267217630854
2026-01-02,1,Jan,Soro Gym,72.6,Bulk,Single Arm Hammer Curls,Biceps,20.0,8,160.0,25.333333333333332,0.34894398530762166
2026-01-02,1,Jan,Soro Gym,72.6,Bulk,Reverse Curls,Biceps,25.0,15,375.0,37.5,0.5165289256198348
2026-01-02,1,Jan,Soro Gym,72.6,Bulk,Reverse Curls,Biceps,25.0,11,275.0,34.166666666666664,0.4706152433425161
2026-01-07,2,Jan,College Gym,70.65,Bulk,Dumbbell Press,Chest,25.0,3,75.0,27.500000000000004,0.38924274593064406
2026-01-07,2,Jan,College Gym,70.65,Bulk,Dumbbell Press,Chest,20.0,9,180.0,26.0,0.36801132342533616
2026-01-07,2,Jan,College Gym,70.65,Bulk,Dumbbell Press,Chest,20.0,10,200.0,26.666666666666664,0.37744751120547293
2026-01-07,2,Jan,College Gym,70.65,Bulk,Incline Dumbbell Fly,Chest,10.0,10,100.0,13.333333333333332,0.18872375560273646
2026-01-07,2,Jan,College Gym,70.65,Bulk,Incline Dumbbell Fly,Chest,10.0,10,100.0,13.333333333333332,0.18872375560273646
2026-01-07,2,Jan,College Gym,70.65,Bulk,Incline Dumbbell Fly,Chest,10.0,8,80.0,12.666666666666666,0.17928756782259964
2026-01-07,2,Jan,College Gym,70.65,Bulk,Tricep Overhead Rope Extension,Triceps,25.0,10,250.0,33.33333333333333,0.4718093890068411
2026-01-07,2,Jan,College Gym,70.65,Bulk,Tricep Overhead Rope Extension,Triceps,25.0,8,200.0,31.666666666666664,0.4482189195564991
2026-01-07,2,Jan,College Gym,70.65,Bulk,Tricep Overhead Rope Extension,Triceps,25.0,6,150.0,30.0,0.4246284501061571
2026-01-07,2,Jan,College Gym,70.65,Bulk,Tricep Rope Pushdown,Triceps,45.0,7,315.0,55.5,0.7855626326963906
2026-01-07,2,Jan,College Gym,70.65,Bulk,Tricep Rope Pushdown,Triceps,45.0,7,315.0,55.5,0.7855626326963906
2026-01-07,2,Jan,College Gym,70.65,Bulk,Tricep Rope Pushdown,Triceps,37.5,10,375.0,50.0,0.7077140835102618
2026-01-07,2,Jan,College Gym,70.65,Bulk,Dumbbell Calf Raises,Legs,17.5,11,192.5,23.916666666666668,0.3385232366124086
2026-01-07,2,Jan,College Gym,70.65,Bulk,Dumbbell Calf Raises,Legs,17.5,6,105.0,21.0,0.29723991507430997
2026-01-07,2,Jan,College Gym,70.65,Bulk,Dumbbell Calf Raises,Legs,17.5,9,157.5,22.75,0.3220099079971691
2026-01-08,2,Jan,College Gym,71.05,Bulk,Barbell Rowing,Back,22.5,8,180.0,28.5,0.4011259676284307
2026-01-08,2,Jan,College Gym,71.05,Bulk,Barbell Rowing,Back,22.5,8,180.0,28.5,0.4011259676284307
2026-01-08,2,Jan,College Gym,71.05,Bulk,Barbell Rowing,Back,22.5,7,157.5,27.75,0.39057002111189304
2026-01-08,2,Jan,College Gym,71.05,Bulk,Barbell Rowing,Back,20.0,9,180.0,26.0,0.3659394792399719
2026-01-08,2,Jan,College Gym,71.05,Bulk,Incline Curls,Biceps,15.0,9,135.0,19.5,0.2744546094299789
2026-01-08,2,Jan,College Gym,71.05,Bulk,Incline Curls,Biceps,15.0,6,90.0,18.0,0.2533427163969036
2026-01-08,2,Jan,College Gym,71.05,Bulk,Incline Curls,Biceps,12.5,7,87.5,15.416666666666668,0.21698334506216282
2026-01-08,2,Jan,College Gym,71.05,Bulk,Dumbbell Hammer Curls,,12.5,10,125.0,16.666666666666664,0.2345765892563922
2026-01-08,2,Jan,College Gym,71.05,Bulk,Dumbbell Hammer Curls,,12.5,10,125.0,16.666666666666664,0.2345765892563922
2026-01-08,2,Jan,College Gym,71.05,Bulk,Dumbbell Hammer Curls,,12.5,9,112.5,16.25,0.2287121745249824
2026-01-08,2,Jan,College Gym,71.05,Bulk,Cable Lat Pullovers,Back,45.0,11,495.0,61.5,0.8655876143560873
2026-01-08,2,Jan,College Gym,71.05,Bulk,Cable Lat Pullovers,Back,45.0,12,540.0,62.99999999999999,0.8866995073891625
2026-01-09,2,Jan,College Gym,71.6,Bulk,Squats,Legs,32.5,10,325.0,43.33333333333333,0.6052141527001862
2026-01-09,2,Jan,College Gym,71.6,Bulk,Squats,Legs,37.5,8,300.0,47.5,0.6634078212290503
2026-01-09,2,Jan,College Gym,71.6,Bulk,Seated Lateral Raises,Shoulders,10.0,6,60.0,12.0,0.1675977653631285
2026-01-09,2,Jan,College Gym,71.6,Bulk,Seated Lateral Raises,Shoulders,7.5,10,75.0,10.0,0.13966480446927376
2026-01-09,2,Jan,College Gym,71.6,Bulk,Seated Lateral Raises,Shoulders,7.5,8,60.0,9.5,0.13268156424581007
2026-01-09,2,Jan,College Gym,71.6,Bulk,Incline Rear Delt Fly,Shoulders,2.0,10,20.0,2.6666666666666665,0.037243947858473
2026-01-09,2,Jan,College Gym,71.6,Bulk,Incline Rear Delt Fly,Shoulders,2.0,9,18.0,2.6,0.036312849162011177
2026-01-09,2,Jan,College Gym,71.6,Bulk,Incline Rear Delt Fly,Shoulders,2.0,10,20.0,2.6666666666666665,0.037243947858473
2026-01-09,2,Jan,College Gym,71.6,Bulk,Cable Rdl,Legs,67.5,10,675.0,90.0,1.2569832402234637
2026-01-09,2,Jan,College Gym,71.6,Bulk,Cable Rdl,Legs,67.5,8,540.0,85.5,1.1941340782122907
2026-01-09,2,Jan,College Gym,71.6,Bulk,Cable Rdl,Legs,67.5,10,675.0,90.0,1.2569832402234637
2026-01-09,2,Jan,College Gym,71.6,Bulk,Cable Abs Crunches,Core,67.5,12,810.0,94.5,1.319832402234637
2026-01-09,2,Jan,College Gym,71.6,Bulk,Cable Abs Crunches,Core,75.0,7,525.0,92.5,1.2918994413407823
2026-01-09,2,Jan,College Gym,71.6,Bulk,Cable Abs Crunches,Core,75.0,5,375.0,87.5,1.2220670391061454
2026-01-09,2,Jan,College Gym,71.6,Bulk,Dumbbell Calf Raises,Legs,17.5,11,192.5,23.916666666666668,0.33403165735567975
2026-01-09,2,Jan,College Gym,71.6,Bulk,Dumbbell Calf Raises,Legs,17.5,9,157.5,22.75,0.3177374301675978
2026-01-09,2,Jan,College Gym,71.6,Bulk,Dumbbell Calf Raises,Legs,17.5,10,175.0,23.333333333333332,0.3258845437616387
2026-01-10,2,Jan,College Gym,71.5,Bulk,Closegrip Dumbbell Press,Triceps,20.0,8,160.0,25.333333333333332,0.3543123543123543
2026-01-10,2,Jan,College Gym,71.5,Bulk,Closegrip Dumbbell Press,Triceps,20.0,8,160.0,25.333333333333332,0.3543123543123543
2026-01-10,2,Jan,College Gym,71.5,Bulk,Closegrip Dumbbell Press,Triceps,20.0,7,140.0,24.666666666666668,0.344988344988345
2026-01-10,2,Jan,College Gym,71.5,Bulk,Tricep Rope Pushdown,Triceps,45.0,11,495.0,61.5,0.8601398601398601
2026-01-10,2,Jan,College Gym,71.5,Bulk,Tricep Rope Pushdown,Triceps,45.0,9,405.0,58.5,0.8181818181818182
2026-01-10,2,Jan,College Gym,71.5,Bulk,Tricep Rope Pushdown,Triceps,45.0,9,405.0,58.5,0.8181818181818182
2026-01-10,2,Jan,College Gym,71.5,Bulk,Cable Preacher Curls,Biceps,37.5,9,337.5,48.75,0.6818181818181818
2026-01-10,2,Jan,College Gym,71.5,Bulk,Cable Preacher Curls,Biceps,37.5,6,225.0,45.0,0.6293706293706294
2026-01-10,2,Jan,College Gym,71.5,Bulk,Cable Preacher Curls,Biceps,30.0,6,180.0,36.0,0.5034965034965035
2026-01-10,2,Jan,College Gym,71.5,Bulk,Single Arm Hammer Curls,Biceps,20.0,7,140.0,24.666666666666668,0.344988344988345
2026-01-10,2,Jan,College Gym,71.5,Bulk,Single Arm Hammer Curls,Biceps,15.0,10,150.0,20.0,0.27972027972027974
2026-01-10,2,Jan,College Gym,71.5,Bulk,Single Arm Hammer Curls,Biceps,15.0,10,150.0,20.0,0.27972027972027974
2026-01-10,2,Jan,College Gym,71.5,Bulk,Reverse Curls,Biceps,25.0,10,250.0,33.33333333333333,0.4662004662004661
2026-01-10,2,Jan,College Gym,71.5,Bulk,Reverse Curls,Biceps,25.0,9,225.0,32.5,0.45454545454545453
2026-01-10,2,Jan,College Gym,71.5,Bulk,Cable Fly,Chest,25.0,12,300.0,35.0,0.48951048951048953
2026-01-10,2,Jan,College Gym,71.5,Bulk,Cable Fly,Chest,25.0,11,275.0,34.166666666666664,0.47785547785547783
2026-01-10,2,Jan,College Gym,71.5,Bulk,Chest Supported Lateral Raises,Shoulders,7.5,12,90.0,10.5,0.14685314685314685
2026-01-10,2,Jan,College Gym,71.5,Bulk,Chest Supported Lateral Raises,Shoulders,7.5,11,82.5,10.25,0.14335664335664336
2026-01-10,2,Jan,College Gym,71.5,Bulk,Chest Supported Lateral Raises,Shoulders,7.5,8,60.0,9.5,0.13286713286713286
2026-01-12,3,Jan,College Gym,70.55,Bulk,Dumbbell Press,Chest,25.0,4,100.0,28.333333333333332,0.40160642570281124
2026-01-12,3,Jan,College Gym,70.55,Bulk,Dumbbell Press,Chest,20.0,11,220.0,27.333333333333336,0.3874320812662415
2026-01-12,3,Jan,College Gym,70.55,Bulk,Dumbbell Press,Chest,20.0,9,180.0,26.0,0.36853295535081504
2026-01-12,3,Jan,College Gym,70.55,Bulk,Incline Dumbbell Fly,Chest,12.5,8,100.0,15.833333333333332,0.22442712024568862
2026-01-12,3,Jan,College Gym,70.55,Bulk,Incline Dumbbell Fly,Chest,12.5,8,100.0,15.833333333333332,0.22442712024568862
2026-01-12,3,Jan,College Gym,70.55,Bulk,Incline Dumbbell Fly,Chest,12.5,7,87.5,15.416666666666668,0.2185211433971179
2026-01-12,3,Jan,College Gym,70.55,Bulk,Tricep Rope Pushdown,Triceps,45.0,14,630.0,66.0,0.9355067328136074
2026-01-12,3,Jan,College Gym,70.55,Bulk,Tricep Rope Pushdown,Triceps,52.5,7,367.5,64.75,0.9177888022678952
2026-01-12,3,Jan,College Gym,70.55,Bulk,Tricep Rope Pushdown,Triceps,52.5,8,420.0,66.5,0.9425939050318923
2026-01-12,3,Jan,College Gym,70.55,Bulk,Tricep Overhead Rope Extension,Triceps,25.0,12,300.0,35.0,0.49610205527994333
2026-01-12,3,Jan,College Gym,70.55,Bulk,Tricep Overhead Rope Extension,Triceps,25.0,11,275.0,34.166666666666664,0.4842901015828018
2026-01-12,3,Jan,College Gym,70.55,Bulk,Tricep Overhead Rope Extension,Triceps,25.0,8,200.0,31.666666666666664,0.44885424049137723
2026-01-12,3,Jan,College Gym,70.55,Bulk,Dumbbell Calf Raises,Legs,17.5,10,175.0,23.333333333333332,0.3307347035199622
2026-01-12,3,Jan,College Gym,70.55,Bulk,Dumbbell Calf Raises,Legs,17.5,11,192.5,23.916666666666668,0.3390030711079613
2026-01-12,3,Jan,College Gym,70.55,Bulk,Dumbbell Calf Raises,Legs,17.5,11,192.5,23.916666666666668,0.3390030711079613
2026-01-13,3,Jan,College Gym,71.1,Bulk,Squats,Legs,37.5,10,375.0,50.0,0.7032348804500704
2026-01-13,3,Jan,College Gym,71.1,Bulk,Squats,Legs,37.5,9,337.5,48.75,0.6856540084388186
2026-01-13,3,Jan,College Gym,71.1,Bulk,Seated Lateral Raises,Shoulders,10.0,8,80.0,12.666666666666666,0.1781528363806845
2026-01-13,3,Jan,College Gym,71.1,Bulk,Seated Lateral Raises,Shoulders,7.5,12,90.0,10.5,0.14767932489451477
2026-01-13,3,Jan,College Gym,71.1,Bulk,Seated Lateral Raises,Shoulders,7.5,10,75.0,10.0,0.1406469760900141
2026-01-13,3,Jan,College Gym,71.1,Bulk,Incline Rear Delt Fly,Shoulders,5.0,10,50.0,6.666666666666666,0.09376465072667604
2026-01-13,3,Jan,College Gym,71.1,Bulk,Incline Rear Delt Fly,Shoulders,5.0,10,50.0,6.666666666666666,0.09376465072667604
2026-01-13,3,Jan,College Gym,71.1,Bulk,Incline Rear Delt Fly,Shoulders,5.0,8,40.0,6.333333333333333,0.08907641819034225
2026-01-13,3,Jan,College Gym,71.1,Bulk,Barbell Rdl,Legs,15.0,10,150.0,20.0,0.2812939521800282
2026-01-13,3,Jan,College Gym,71.1,Bulk,Barbell Rdl,Legs,15.0,11,165.0,20.5,0.2883263009845289
2026-01-13,3,Jan,College Gym,71.1,Bulk,Barbell Rdl,Legs,15.0,11,165.0,20.5,0.2883263009845289
2026-01-15,3,Jan,College Gym,71.9,Bulk,Barbell Rowing,Back,22.5,8,180.0,28.5,0.39638386648122387
2026-01-15,3,Jan,College Gym,71.9,Bulk,Barbell Rowing,Back,22.5,8,180.0,28.5,0.39638386648122387
2026-01-15,3,Jan,College Gym,71.9,Bulk,Barbell Rowing,Back,22.5,6,135.0,27.0,0.3755215577190542
2026-01-15,3,Jan,College Gym,71.9,Bulk,Barbell Rowing,Back,22.5,6,135.0,27.0,0.3755215577190542
2026-01-15,3,Jan,College Gym,71.9,Bulk,Incline Curls,Biceps,15.0,8,120.0,19.0,0.2642559109874826
2026-01-15,3,Jan,College Gym,71.9,Bulk,Incline Curls,Biceps,15.0,6,90.0,18.0,0.25034770514603616
2026-01-15,3,Jan,College Gym,71.9,Bulk,Incline Curls,Biceps,15.0,6,90.0,18.0,0.25034770514603616
2026-01-15,3,Jan,College Gym,71.9,Bulk,Dumbbell Hammer Curls,,12.5,13,162.5,17.916666666666668,0.2491886879925823
2026-01-15,3,Jan,College Gym,71.9,Bulk,Dumbbell Hammer Curls,,15.0,7,105.0,18.5,0.25730180806675934
2026-01-15,3,Jan,College Gym,71.9,Bulk,Dumbbell Hammer Curls,,15.0,7,105.0,18.5,0.25730180806675934
2026-01-15,3,Jan,College Gym,71.9,Bulk,Cable Lat Pullovers,Back,45.0,15,675.0,67.5,0.9388038942976356
2026-01-15,3,Jan,College Gym,71.9,Bulk,Cable Lat Pullovers,Back,45.0,14,630.0,66.0,0.9179415855354659
2026-01-17,3,Jan,College Gym,71.85,Bulk,Closegrip Dumbbell Press,Triceps,20.0,11,220.0,27.333333333333336,0.380422175829274
2026-01-17,3,Jan,College Gym,71.85,Bulk,Closegrip Dumbbell Press,Triceps,20.0,10,200.0,26.666666666666664,0.3711435861749014
2026-01-17,3,Jan,College Gym,71.85,Bulk,Closegrip Dumbbell Press,Triceps,20.0,10,200.0,26.666666666666664,0.3711435861749014
2026-01-17,3,Jan,College Gym,71.85,Bulk,Tricep Pushdown,Triceps,45.0,11,495.0,61.5,0.8559498956158664
2026-01-17,3,Jan,College Gym,71.85,Bulk,Tricep Pushdown,Triceps,52.5,8,420.0,66.5,0.9255393180236605
2026-01-17,3,Jan,College Gym,71.85,Bulk,Tricep Pushdown,Triceps,52.5,8,420.0,66.5,0.9255393180236605
2026-01-17,3,Jan,College Gym,71.85,Bulk,Dumbbell Curls,Biceps,15.0,10,150.0,20.0,0.2783576896311761
2026-01-17,3,Jan,College Gym,71.85,Bulk,Dumbbell Curls,Biceps,15.0,7,105.0,18.5,0.25748086290883787
2026-01-17,3,Jan,College Gym,71.85,Bulk,Dumbbell Curls,Biceps,15.0,8,120.0,19.0,0.2644398051496173
2026-01-17,3,Jan,College Gym,71.85,Bulk,Incline Hammer Curls,Biceps,12.5,9,112.5,16.25,0.22616562282533056
2026-01-17,3,Jan,College Gym,71.85,Bulk,Incline Hammer Curls,Biceps,12.5,9,112.5,16.25,0.22616562282533056
2026-01-17,3,Jan,College Gym,71.85,Bulk,Incline Hammer Curls,Biceps,12.5,9,112.5,16.25,0.22616562282533056
2026-01-17,3,Jan,College Gym,71.85,Bulk,Chest Supported Lateral Raises,Shoulders,10.0,6,60.0,12.0,0.16701461377870566
2026-01-17,3,Jan,College Gym,71.85,Bulk,Chest Supported Lateral Raises,Shoulders,7.5,10,75.0,10.0,0.13917884481558804
2026-01-17,3,Jan,College Gym,71.85,Bulk,Chest Supported Lateral Raises,Shoulders,7.5,10,75.0,10.0,0.13917884481558804
2026-01-17,3,Jan,College Gym,71.85,Bulk,Reverse Curls,Biceps,25.0,13,325.0,35.833333333333336,0.4987241939225239
2026-01-17,3,Jan,College Gym,71.85,Bulk,Reverse Curls,Biceps,30.0,8,240.0,38.0,0.5288796102992346
2026-01-17,3,Jan,College Gym,71.85,Bulk,Cable Fly,Chest,30.0,11,330.0,41.0,0.570633263743911
2026-01-17,3,Jan,College Gym,71.85,Bulk,Cable Fly,Chest,30.0,7,210.0,37.0,0.5149617258176757
2026-01-21,4,Jan,College Gym,71.65,Bulk,Dumbbell Press,Chest,25.0,5,125.0,29.166666666666668,0.4070714119562689
2026-01-21,4,Jan,College Gym,71.65,Bulk,Dumbbell Press,Chest,20.0,13,260.0,28.666666666666668,0.4000930448941614
2026-01-21,4,Jan,College Gym,71.65,Bulk,Dumbbell Press,Chest,20.0,10,200.0,26.666666666666664,0.3721795766457315
2026-01-21,4,Jan,College Gym,71.65,Bulk,Incline Dumbbell Fly,Chest,12.5,9,112.5,16.25,0.22679692951849265
2026-01-21,4,Jan,College Gym,71.65,Bulk,Incline Dumbbell Fly,Chest,12.5,7,87.5,15.416666666666668,0.21516631774831357
2026-01-21,4,Jan,College Gym,71.65,Bulk,Incline Dumbbell Fly,Chest,12.5,7,87.5,15.416666666666668,0.21516631774831357
2026-01-21,4,Jan,College Gym,71.65,Bulk,Tricep Overhead Rope Extension,Triceps,27.5,2,55.0,29.333333333333332,0.4093975343103047
2026-01-21,4,Jan,College Gym,71.65,Bulk,Tricep Overhead Rope Extension,Triceps,25.0,5,125.0,29.166666666666668,0.4070714119562689
2026-01-21,4,Jan,College Gym,71.65,Bulk,Tricep Overhead Rope Extension,Triceps,20.0,9,180.0,26.0,0.3628750872295882
2026-01-21,4,Jan,College Gym,71.65,Bulk,Tricep Rope Pushdown,Triceps,52.5,9,472.5,68.25,0.9525471039776692
2026-01-21,4,Jan,College Gym,71.65,Bulk,Tricep Rope Pushdown,Triceps,52.5,8,420.0,66.5,0.928122819260293
2026-01-21,4,Jan,College Gym,71.65,Bulk,Tricep Rope Pushdown,Triceps,45.0,10,450.0,60.0,0.837404047452896
2026-01-21,4,Jan,College Gym,71.65,Bulk,Dumbbell Calf Raises,Legs,17.5,13,227.5,25.083333333333332,0.3500814142823912
2026-01-21,4,Jan,College Gym,71.65,Bulk,Dumbbell Calf Raises,Legs,17.5,10,175.0,23.333333333333332,0.3256571295650151
2026-01-21,4,Jan,College Gym,71.65,Bulk,Dumbbell Calf Raises,Legs,17.5,9,157.5,22.75,0.31751570132588974
2026-01-21,4,Jan,College Gym,71.65,Bulk,Dumbbell Calf Raises,Legs,17.5,11,192.5,23.916666666666668,0.33379855780414047
2026-01-22,4,Jan,College Gym,71.8,Bulk,Barbell Rowing,Back,22.5,9,202.5,29.25,0.4073816155988858
2026-01-22,4,Jan,College Gym,71.8,Bulk,Barbell Rowing,Back,22.5,6,135.0,27.0,0.3760445682451254
2026-01-22,4,Jan,College Gym,71.8,Bulk,Barbell Rowing,Back,20.0,9,180.0,26.0,0.36211699164345407
2026-01-22,4,Jan,College Gym,71.8,Bulk,Barbell Rowing,Back,20.0,8,160.0,25.333333333333332,0.3528319405756732
2026-01-22,4,Jan,College Gym,71.8,Bulk,Incline Curls,Biceps,15.0,9,135.0,19.5,0.27158774373259054
2026-01-22,4,Jan,College Gym,71.8,Bulk,Incline Curls,Biceps,15.0,6,90.0,18.0,0.25069637883008355
2026-01-22,4,Jan,College Gym,71.8,Bulk,Incline Curls,Biceps,12.5,6,75.0,15.0,0.20891364902506965
2026-01-22,4,Jan,College Gym,71.8,Bulk,Dumbbell Hammer Curls,,15.0,8,120.0,19.0,0.2646239554317549
2026-01-22,4,Jan,College Gym,71.8,Bulk,Dumbbell Hammer Curls,,15.0,6,90.0,18.0,0.25069637883008355
2026-01-22,4,Jan,College Gym,71.8,Bulk,Dumbbell Hammer Curls,,12.5,10,125.0,16.666666666666664,0.2321262766945218
2026-01-22,4,Jan,College Gym,71.8,Bulk,Cable Lat Pullovers,Back,52.5,7,367.5,64.75,0.9018105849582173
2026-01-22,4,Jan,College Gym,71.8,Bulk,Cable Lat Pullovers,Back,45.0,15,675.0,67.5,0.9401114206128134
2026-01-23,4,Jan,College Gym,72.35,Bulk,Seated Lateral Raises,Shoulders,10.0,9,90.0,13.0,0.17968210089841052
2026-01-23,4,Jan,College Gym,72.35,Bulk,Seated Lateral Raises,Shoulders,7.5,12,90.0,10.5,0.14512785072563927
2026-01-23,4,Jan,College Gym,72.35,Bulk,Seated Lateral Raises,Shoulders,7.5,11,82.5,10.25,0.14167242570836214
2026-01-23,4,Jan,College Gym,72.35,Bulk,Incline Rear Delt Fly,Shoulders,5.0,11,55.0,6.833333333333334,0.09444828380557477
2026-01-23,4,Jan,College Gym,72.35,Bulk,Incline Rear Delt Fly,Shoulders,5.0,11,55.0,6.833333333333334,0.09444828380557477
2026-01-23,4,Jan,College Gym,72.35,Bulk,Squats,Legs,40.0,7,280.0,49.333333333333336,0.681870536742686
2026-01-23,4,Jan,College Gym,72.35,Bulk,Squats,Legs,40.0,6,240.0,48.0,0.663441603317208
2026-01-23,4,Jan,College Gym,72.35,Bulk,Barbell Rdl,Legs,17.5,9,157.5,22.75,0.3144436765722184
2026-01-23,4,Jan,College Gym,72.35,Bulk,Barbell Rdl,Legs,17.5,9,157.5,22.75,0.3144436765722184
2026-01-23,4,Jan,College Gym,72.35,Bulk,Barbell Rdl,Legs,17.5,10,175.0,23.333333333333332,0.322506334945865
2026-01-23,4,Jan,College Gym,72.35,Bulk,Dumbbell Calf Raises,Legs,17.5,15,262.5,26.25,0.3628196268140982
2026-01-23,4,Jan,College Gym,72.35,Bulk,Dumbbell Calf Raises,Legs,17.5,14,245.0,25.666666666666668,0.35475696844045157
2026-01-23,4,Jan,College Gym,72.35,Bulk,Dumbbell Calf Raises,Legs,17.5,13,227.5,25.083333333333332,0.3466943100668049
2026-01-24,4,Jan,College Gym,72.75,Bulk,Closegrip Dumbbell Press,Triceps,20.0,11,220.0,27.333333333333336,0.37571592210767474
2026-01-24,4,Jan,College Gym,72.75,Bulk,Closegrip Dumbbell Press,Triceps,20.0,11,220.0,27.333333333333336,0.37571592210767474
2026-01-24,4,Jan,College Gym,72.75,Bulk,Closegrip Dumbbell Press,Triceps,20.0,11,220.0,27.333333333333336,0.37571592210767474
2026-01-24,4,Jan,College Gym,72.75,Bulk,Single Arm Overhead Extension,Triceps,10.0,9,90.0,13.0,0.17869415807560138
2026-01-24,4,Jan,College Gym,72.75,Bulk,Single Arm Overhead Extension,Triceps,10.0,7,70.0,12.333333333333334,0.16953035509736541
2026-01-24,4,Jan,College Gym,72.75,Bulk,Single Arm Overhead Extension,Triceps,10.0,6,60.0,12.0,0.16494845360824742
2026-01-24,4,Jan,College Gym,72.75,Bulk,Dumbbell Curls,Biceps,15.0,10,150.0,20.0,0.27491408934707906
2026-01-24,4,Jan,College Gym,72.75,Bulk,Dumbbell Curls,Biceps,15.0,9,135.0,19.5,0.26804123711340205
2026-01-24,4,Jan,College Gym,72.75,Bulk,Dumbbell Curls,Biceps,15.0,8,120.0,19.0,0.2611683848797251
2026-01-24,4,Jan,College Gym,72.75,Bulk,Incline Hammer Curls,Biceps,12.5,11,137.5,17.083333333333332,0.23482245131729665
2026-01-24,4,Jan,College Gym,72.75,Bulk,Incline Hammer Curls,Biceps,12.5,10,125.0,16.666666666666664,0.22909507445589916
2026-01-24,4,Jan,College Gym,72.75,Bulk,Incline Hammer Curls,Biceps,12.5,9,112.5,16.25,0.22336769759450173
2026-01-24,4,Jan,College Gym,72.75,Bulk,Chest Supported Lateral Raises,Shoulders,10.0,8,80.0,12.666666666666666,0.17411225658648338
2026-01-24,4,Jan,College Gym,72.75,Bulk,Chest Supported Lateral Raises,Shoulders,10.0,7,70.0,12.333333333333334,0.16953035509736541
2026-01-24,4,Jan,College Gym,72.75,Bulk,Chest Supported Lateral Raises,Shoulders,7.5,12,90.0,10.5,0.14432989690721648
2026-01-24,4,Jan,College Gym,72.75,Bulk,Cable Fly,Chest,30.0,12,360.0,42.0,0.5773195876288659
2026-01-24,4,Jan,College Gym,72.75,Bulk,Cable Fly,Chest,30.0,9,270.0,39.0,0.5360824742268041
2026-01-24,4,Jan,College Gym,72.75,Bulk,Reverse Curls,Biceps,30.0,11,330.0,41.0,0.563573883161512
2026-01-24,4,Jan,College Gym,72.75,Bulk,Reverse Curls,Biceps,30.0,12,360.0,42.0,0.5773195876288659
2026-01-26,5,Jan,College Gym,72.05,Bulk,Dumbbell Press,Chest,25.0,5,125.0,29.166666666666668,0.4048114735137636
2026-01-26,5,Jan,College Gym,72.05,Bulk,Dumbbell Press,Chest,20.0,11,220.0,27.333333333333336,0.3793661808928985
2026-01-26,5,Jan,College Gym,72.05,Bulk,Dumbbell Press,Chest,20.0,9,180.0,26.0,0.3608605135322693
2026-01-26,5,Jan,College Gym,72.05,Bulk,Incline Dumbbell Fly,Chest,12.5,10,125.0,16.666666666666664,0.23132084200786487
2026-01-26,5,Jan,College Gym,72.05,Bulk,Incline Dumbbell Fly,Chest,12.5,9,112.5,16.25,0.2255378209576683
2026-01-26,5,Jan,College Gym,72.05,Bulk,Incline Dumbbell Fly,Chest,12.5,9,112.5,16.25,0.2255378209576683
2026-01-26,5,Jan,College Gym,72.05,Bulk,Tricep Overhead Rope Extension,Triceps,25.0,12,300.0,35.0,0.4857737682165163
2026-01-26,5,Jan,College Gym,72.05,Bulk,Tricep Overhead Rope Extension,Triceps,27.5,9,247.5,35.75,0.4961832061068702
2026-01-26,5,Jan,College Gym,72.05,Bulk,Tricep Overhead Rope Extension,Triceps,27.5,7,192.5,33.91666666666667,0.4707379134860052
2026-01-26,5,Jan,College Gym,72.05,Bulk,Tricep Rope Pushdown,Triceps,52.5,10,525.0,70.0,0.9715475364330326
2026-01-26,5,Jan,College Gym,72.05,Bulk,Tricep Rope Pushdown,Triceps,52.5,11,577.5,71.75,0.9958362248438585
2026-01-26,5,Jan,College Gym,72.05,Bulk,Dumbbell Calf Raises,Legs,17.5,13,227.5,25.083333333333332,0.3481378672218367
2026-01-26,5,Jan,College Gym,72.05,Bulk,Dumbbell Calf Raises,Legs,17.5,18,315.0,28.0,0.3886190145732131
2026-01-26,5,Jan,College Gym,72.05,Bulk,Dumbbell Calf Raises,Legs,17.5,12,210.0,24.5,0.34004163775156143
2026-01-26,5,Jan,College Gym,72.05,Bulk,Dumbbell Calf Raises,Legs,17.5,13,227.5,25.083333333333332,0.3481378672218367
2026-01-27,5,Jan,College Gym,72.75,Bulk,Barbell Rowing,Back,22.5,10,225.0,30.0,0.41237113402061853
2026-01-27,5,Jan,College Gym,72.75,Bulk,Barbell Rowing,Back,22.5,9,202.5,29.25,0.4020618556701031
2026-01-27,5,Jan,College Gym,72.75,Bulk,Barbell Rowing,Back,22.5,8,180.0,28.5,0.3917525773195876
2026-01-27,5,Jan,College Gym,72.75,Bulk,Barbell Rowing,Back,22.5,7,157.5,27.75,0.38144329896907214
2026-01-27,5,Jan,College Gym,72.75,Bulk,Cable Lat Pullovers,Back,52.5,9,472.5,68.25,0.9381443298969072
2026-01-27,5,Jan,College Gym,72.75,Bulk,Cable Lat Pullovers,Back,52.5,7,367.5,64.75,0.8900343642611683
2026-01-27,5,Jan,College Gym,72.75,Bulk,Incline Curls,Biceps,15.0,10,150.0,20.0,0.27491408934707906
2026-01-27,5,Jan,College Gym,72.75,Bulk,Incline Curls,Biceps,15.0,7,105.0,18.5,0.2542955326460481
2026-01-27,5,Jan,College Gym,72.75,Bulk,Incline Curls,Biceps,12.5,8,100.0,15.833333333333332,0.21764032073310421
2026-01-27,5,Jan,College Gym,72.75,Bulk,Dumbbell Hammer Curls,,15.0,10,150.0,20.0,0.27491408934707906
2026-01-27,5,Jan,College Gym,72.75,Bulk,Dumbbell Hammer Curls,,15.0,8,120.0,19.0,0.2611683848797251
2026-01-27,5,Jan,College Gym,72.75,Bulk,Dumbbell Hammer Curls,,12.5,12,150.0,17.5,0.24054982817869416
2026-02-03,6,Feb,College Gym,72.3,Bulk,Dumbbell Press,Chest,25.0,5,125.0,29.166666666666668,0.4034117104656524
2026-02-03,6,Feb,College Gym,72.3,Bulk,Dumbbell Press,Chest,20.0,11,220.0,27.333333333333336,0.37805440295066856
2026-02-03,6,Feb,College Gym,72.3,Bulk,Dumbbell Press,Chest,20.0,10,200.0,26.666666666666664,0.3688335638543107
2026-02-03,6,Feb,College Gym,72.3,Bulk,Incline Dumbbell Fly,Chest,12.5,9,112.5,16.25,0.22475795297372061
2026-02-03,6,Feb,College Gym,72.3,Bulk,Incline Dumbbell Fly,Chest,12.5,10,125.0,16.666666666666664,0.2305209774089442
2026-02-03,6,Feb,College Gym,72.3,Bulk,Incline Dumbbell Fly,Chest,12.5,9,112.5,16.25,0.22475795297372061
2026-02-03,6,Feb,College Gym,72.3,Bulk,Tricep Overhead Rope Extension,Triceps,30.0,2,60.0,32.0,0.44260027662517293
2026-02-03,6,Feb,College Gym,72.3,Bulk,Tricep Overhead Rope Extension,Triceps,25.0,6,150.0,30.0,0.4149377593360996
2026-02-03,6,Feb,College Gym,72.3,Bulk,Tricep Overhead Rope Extension,Triceps,20.0,7,140.0,24.666666666666668,0.34117104656523745
2026-02-03,6,Feb,College Gym,72.3,Bulk,Tricep Rope Pushdown,Triceps,52.5,12,630.0,73.5,1.016597510373444
2026-02-03,6,Feb,College Gym,72.3,Bulk,Tricep Rope Pushdown,Triceps,52.5,11,577.5,71.75,0.9923928077455049
2026-02-03,6,Feb,College Gym,72.3,Bulk,Tricep Rope Pushdown,Triceps,52.5,10,525.0,70.0,0.9681881051175657
2026-02-05,6,Feb,College Gym,72.5,Bulk,Barbell Rowing,Back,22.5,11,247.5,30.75,0.4241379310344828
2026-02-05,6,Feb,College Gym,72.5,Bulk,Barbell Rowing,Back,22.5,7,157.5,27.75,0.38275862068965516
2026-02-05,6,Feb,College Gym,72.5,Bulk,Barbell Rowing,Back,22.5,9,202.5,29.25,0.40344827586206894
2026-02-05,6,Feb,College Gym,72.5,Bulk,Barbell Rowing,Back,22.5,5,112.5,26.25,0.3620689655172414
2026-02-05,6,Feb,College Gym,72.5,Bulk,Incline Curls,Biceps,15.0,9,135.0,19.5,0.2689655172413793
2026-02-05,6,Feb,College Gym,72.5,Bulk,Incline Curls,Biceps,15.0,6,90.0,18.0,0.2482758620689655
2026-02-05,6,Feb,College Gym,72.5,Bulk,Incline Curls,Biceps,12.5,8,100.0,15.833333333333332,0.21839080459770113
2026-02-05,6,Feb,College Gym,72.5,Bulk,Dumbbell Hammer Curls,,15.0,11,165.0,20.5,0.2827586206896552
2026-02-05,6,Feb,College Gym,72.5,Bulk,Dumbbell Hammer Curls,,15.0,9,135.0,19.5,0.2689655172413793
2026-02-05,6,Feb,College Gym,72.5,Bulk,Dumbbell Hammer Curls,,15.0,8,120.0,19.0,0.2620689655172414
2026-02-05,6,Feb,College Gym,72.5,Bulk,Cable Lat Pullovers,Back,52.5,11,577.5,71.75,0.9896551724137931
2026-02-05,6,Feb,College Gym,72.5,Bulk,Cable Lat Pullovers,Back,52.5,10,525.0,70.0,0.9655172413793104
2026-02-06,6,Feb,College Gym,72.65,Bulk,Squats,Legs,40.0,8,320.0,50.666666666666664,0.6974076623078687
2026-02-06,6,Feb,College Gym,72.65,Bulk,Squats,Legs,40.0,3,120.0,44.0,0.6056434962147281
2026-02-06,6,Feb,College Gym,72.65,Bulk,Seated Lateral Raises,Shoulders,10.0,10,100.0,13.333333333333332,0.18352833218628123
2026-02-06,6,Feb,College Gym,72.65,Bulk,Seated Lateral Raises,Shoulders,7.5,14,105.0,11.0,0.15141087405368203
2026-02-06,6,Feb,College Gym,72.65,Bulk,Seated Lateral Raises,Shoulders,7.5,11,82.5,10.25,0.14108740536820372
2026-02-06,6,Feb,College Gym,72.65,Bulk,Incline Rear Delt Fly,Shoulders,5.0,9,45.0,6.5,0.08947006194081211
2026-02-06,6,Feb,College Gym,72.65,Bulk,Incline Rear Delt Fly,Shoulders,5.0,8,40.0,6.333333333333333,0.08717595778848358
2026-02-06,6,Feb,College Gym,72.65,Bulk,Incline Rear Delt Fly,Shoulders,5.0,10,50.0,6.666666666666666,0.09176416609314061
2026-02-06,6,Feb,College Gym,72.65,Bulk,Barbell Rdl,Legs,20.0,8,160.0,25.333333333333332,0.34870383115393433
2026-02-06,6,Feb,College Gym,72.65,Bulk,Barbell Rdl,Legs,20.0,10,200.0,26.666666666666664,0.36705666437256246
2026-02-06,6,Feb,College Gym,72.65,Bulk,Barbell Rdl,Legs,20.0,10,200.0,26.666666666666664,0.36705666437256246
2026-02-06,6,Feb,College Gym,72.65,Bulk,Dumbbell Calf Raises,Legs,20.0,13,260.0,28.666666666666668,0.3945859142005047
2026-02-06,6,Feb,College Gym,72.65,Bulk,Dumbbell Calf Raises,Legs,20.0,13,260.0,28.666666666666668,0.3945859142005047
2026-02-06,6,Feb,College Gym,72.65,Bulk,Dumbbell Calf Raises,Legs,20.0,8,160.0,25.333333333333332,0.34870383115393433
2026-02-06,6,Feb,College Gym,72.65,Bulk,Dumbbell Calf Raises,Legs,20.0,12,240.0,28.0,0.3854094975911906
2026-02-07,6,Feb,College Gym,72.8,Bulk,Closegrip Dumbbell Press,Triceps,20.0,12,240.0,28.0,0.38461538461538464
2026-02-07,6,Feb,College Gym,72.8,Bulk,Closegrip Dumbbell Press,Triceps,20.0,10,200.0,26.666666666666664,0.3663003663003663
2026-02-07,6,Feb,College Gym,72.8,Bulk,Closegrip Dumbbell Press,Triceps,20.0,10,200.0,26.666666666666664,0.3663003663003663
2026-02-07,6,Feb,College Gym,72.8,Bulk,Overhead Skull Crushee,Triceps,20.0,14,280.0,29.333333333333336,0.402930402930403
2026-02-07,6,Feb,College Gym,72.8,Bulk,Overhead Skull Crushee,Triceps,25.0,9,225.0,32.5,0.44642857142857145
2026-02-07,6,Feb,College Gym,72.8,Bulk,Overhead Skull Crushee,Triceps,25.0,10,250.0,33.33333333333333,0.4578754578754578
2026-02-07,6,Feb,College Gym,72.8,Bulk,Dumbbell Curls,Biceps,15.0,12,180.0,21.0,0.2884615384615385
2026-02-07,6,Feb,College Gym,72.8,Bulk,Dumbbell Curls,Biceps,15.0,10,150.0,20.0,0.27472527472527475
2026-02-07,6,Feb,College Gym,72.8,Bulk,Dumbbell Curls,Biceps,15.0,7,105.0,18.5,0.2541208791208791
2026-02-07,6,Feb,College Gym,72.8,Bulk,Incline Hammer Curls,Biceps,12.5,10,125.0,16.666666666666664,0.2289377289377289
2026-02-07,6,Feb,College Gym,72.8,Bulk,Incline Hammer Curls,Biceps,12.5,13,162.5,17.916666666666668,0.24610805860805862
2026-02-07,6,Feb,College Gym,72.8,Bulk,Incline Hammer Curls,Biceps,12.5,9,112.5,16.25,0.22321428571428573
2026-02-07,6,Feb,College Gym,72.8,Bulk,Chest Supported Lateral Raises,Shoulders,10.0,9,90.0,13.0,0.17857142857142858
2026-02-07,6,Feb,College Gym,72.8,Bulk,Chest Supported Lateral Raises,Shoulders,7.5,13,97.5,10.75,0.14766483516483517
2026-02-07,6,Feb,College Gym,72.8,Bulk,Chest Supported Lateral Raises,Shoulders,7.5,12,90.0,10.5,0.14423076923076925
2026-02-07,6,Feb,College Gym,72.8,Bulk,Cable Fly,Chest,30.0,12,360.0,42.0,0.576923076923077
2026-02-07,6,Feb,College Gym,72.8,Bulk,Cable Fly,Chest,30.0,9,270.0,39.0,0.5357142857142857
2026-02-09,7,Feb,College Gym,73.5,Bulk,Cable Lat Pullovers,Back,52.5,12,630.0,73.5,1.0
2026-02-09,7,Feb,College Gym,73.5,Bulk,Cable Lat Pullovers,Back,52.5,12,630.0,73.5,1.0
2026-02-09,7,Feb,College Gym,73.5,Bulk,Chest Supported Rows,Back,17.5,8,140.0,22.166666666666664,0.30158730158730157
2026-02-09,7,Feb,College Gym,73.5,Bulk,Chest Supported Rows,Back,17.5,9,157.5,22.75,0.30952380952380953
2026-02-09,7,Feb,College Gym,73.5,Bulk,Chest Supported Rows,Back,17.5,9,157.5,22.75,0.30952380952380953
2026-02-09,7,Feb,College Gym,73.5,Bulk,Chest Supported Rows,Back,17.5,8,140.0,22.166666666666664,0.30158730158730157
2026-02-09,7,Feb,College Gym,73.5,Bulk,Incline Curls,Biceps,15.0,7,105.0,18.5,0.25170068027210885
2026-02-09,7,Feb,College Gym,73.5,Bulk,Incline Curls,Biceps,15.0,6,90.0,18.0,0.24489795918367346
2026-02-09,7,Feb,College Gym,73.5,Bulk,Incline Curls,Biceps,12.5,9,112.5,16.25,0.22108843537414966
2026-02-09,7,Feb,College Gym,73.5,Bulk,Dumbbell Hammer Curls,,15.0,11,165.0,20.5,0.2789115646258503
2026-02-09,7,Feb,College Gym,73.5,Bulk,Dumbbell Hammer Curls,,15.0,8,120.0,19.0,0.2585034013605442
2026-02-09,7,Feb,College Gym,73.5,Bulk,Dumbbell Hammer Curls,,12.5,14,175.0,18.333333333333336,0.24943310657596376
2026-02-10,7,Feb,College Gym,73.5,Bulk,Dumbbell Press,Chest,25.0,5,125.0,29.166666666666668,0.39682539682539686
2026-02-10,7,Feb,College Gym,73.5,Bulk,Dumbbell Press,Chest,20.0,10,200.0,26.666666666666664,0.3628117913832199
2026-02-10,7,Feb,College Gym,73.5,Bulk,Dumbbell Press,Chest,20.0,10,200.0,26.666666666666664,0.3628117913832199
2026-02-10,7,Feb,College Gym,73.5,Bulk,Incline Dumbbell Fly,Chest,12.5,12,150.0,17.5,0.23809523809523808
2026-02-10,7,Feb,College Gym,73.5,Bulk,Incline Dumbbell Fly,Chest,12.5,11,137.5,17.083333333333332,0.23242630385487525
2026-02-10,7,Feb,College Gym,73.5,Bulk,Incline Dumbbell Fly,Chest,12.5,10,125.0,16.666666666666664,0.22675736961451243
2026-02-10,7,Feb,College Gym,73.5,Bulk,Tricep Overhead Rope Extension,Triceps,25.0,12,300.0,35.0,0.47619047619047616
2026-02-10,7,Feb,College Gym,73.5,Bulk,Tricep Overhead Rope Extension,Triceps,25.0,11,275.0,34.166666666666664,0.4648526077097505
2026-02-10,7,Feb,College Gym,73.5,Bulk,Tricep Overhead Rope Extension,Triceps,25.0,9,225.0,32.5,0.4421768707482993
2026-02-10,7,Feb,College Gym,73.5,Bulk,Tricep Pushdown,Triceps,45.0,9,405.0,58.5,0.7959183673469388
2026-02-10,7,Feb,College Gym,73.5,Bulk,Tricep Pushdown,Triceps,45.0,9,405.0,58.5,0.7959183673469388
2026-02-10,7,Feb,College Gym,73.5,Bulk,Tricep Pushdown,Triceps,45.0,10,450.0,60.0,0.8163265306122449
2026-02-12,7,Feb,College Gym,73.4,Bulk,Closegrip Dumbbell Press,Triceps,25.0,5,125.0,29.166666666666668,0.39736603088101724
2026-02-12,7,Feb,College Gym,73.4,Bulk,Closegrip Dumbbell Press,Triceps,20.0,9,180.0,26.0,0.35422343324250677
2026-02-12,7,Feb,College Gym,73.4,Bulk,Closegrip Dumbbell Press,Triceps,20.0,10,200.0,26.666666666666664,0.36330608537693
2026-02-12,7,Feb,College Gym,73.4,Bulk,Overhead Skull Crushee,Triceps,25.0,15,375.0,37.5,0.5108991825613078
2026-02-12,7,Feb,College Gym,73.4,Bulk,Overhead Skull Crushee,Triceps,20.0,12,240.0,28.0,0.38147138964577654
2026-02-12,7,Feb,College Gym,73.4,Bulk,Overhead Skull Crushee,Triceps,20.0,11,220.0,27.333333333333336,0.3723887375113533
2026-02-12,7,Feb,College Gym,73.4,Bulk,Dumbbell Curls,Biceps,17.5,8,140.0,22.166666666666664,0.3019981834695731
2026-02-12,7,Feb,College Gym,73.4,Bulk,Dumbbell Curls,Biceps,17.5,7,122.5,21.583333333333336,0.29405086285195275
2026-02-12,7,Feb,College Gym,73.4,Bulk,Dumbbell Curls,Biceps,15.0,9,135.0,19.5,0.2656675749318801
2026-02-12,7,Feb,College Gym,73.4,Bulk,Incline Hammer Curls,Biceps,12.5,12,150.0,17.5,0.23841961852861032
2026-02-12,7,Feb,College Gym,73.4,Bulk,Incline Hammer Curls,Biceps,15.0,7,105.0,18.5,0.25204359673024523
2026-02-12,7,Feb,College Gym,73.4,Bulk,Incline Hammer Curls,Biceps,15.0,7,105.0,18.5,0.25204359673024523
2026-02-12,7,Feb,College Gym,73.4,Bulk,Cable Fly,Chest,30.0,12,360.0,42.0,0.5722070844686648
2026-02-12,7,Feb,College Gym,73.4,Bulk,Cable Fly,Chest,30.0,10,300.0,40.0,0.544959128065395
2026-02-12,7,Feb,College Gym,73.4,Bulk,Chest Supported Lateral Raises,Shoulders,10.0,10,100.0,13.333333333333332,0.181653042688465
2026-02-12,7,Feb,College Gym,73.4,Bulk,Chest Supported Lateral Raises,Shoulders,7.5,15,112.5,11.25,0.15326975476839236
2026-02-12,7,Feb,College Gym,73.4,Bulk,Chest Supported Lateral Raises,Shoulders,7.5,13,97.5,10.75,0.14645776566757493
2026-02-14,7,Feb,College Gym,73.8,Bulk,Goblet Squats,Legs,25.0,12,300.0,35.0,0.4742547425474255
2026-02-14,7,Feb,College Gym,73.8,Bulk,Goblet Squats,Legs,25.0,13,325.0,35.833333333333336,0.48554652213188804
2026-02-14,7,Feb,College Gym,73.8,Bulk,Seated Lateral Raises,Shoulders,10.0,11,110.0,13.666666666666668,0.1851851851851852
2026-02-14,7,Feb,College Gym,73.8,Bulk,Seated Lateral Raises,Shoulders,10.0,9,90.0,13.0,0.1761517615176152
2026-02-14,7,Feb,College Gym,73.8,Bulk,Seated Lateral Raises,Shoulders,7.5,12,90.0,10.5,0.14227642276422764
2026-02-14,7,Feb,College Gym,73.8,Bulk,Incline Rear Delt Fly,Shoulders,5.0,12,60.0,7.0,0.0948509485094851
2026-02-14,7,Feb,College Gym,73.8,Bulk,Incline Rear Delt Fly,Shoulders,5.0,12,60.0,7.0,0.0948509485094851
2026-02-14,7,Feb,College Gym,73.8,Bulk,Incline Rear Delt Fly,Shoulders,5.0,10,50.0,6.666666666666666,0.09033423667570009
2026-02-14,7,Feb,College Gym,73.8,Bulk,Cable Rdl,Legs,67.5,16,1080.0,103.49999999999999,1.4024390243902438
2026-02-14,7,Feb,College Gym,73.8,Bulk,Cable Rdl,Legs,75.0,17,1275.0,117.5,1.5921409214092141
2026-02-14,7,Feb,College Gym,73.8,Bulk,Cable Rdl,Legs,75.0,14,1050.0,110.00000000000001,1.4905149051490518
2026-02-14,7,Feb,College Gym,73.8,Bulk,Dumbbell Calf Raises,Legs,20.0,16,320.0,30.666666666666664,0.4155374887082204
2026-02-14,7,Feb,College Gym,73.8,Bulk,Dumbbell Calf Raises,Legs,20.0,11,220.0,27.333333333333336,0.3703703703703704
2026-02-14,7,Feb,College Gym,73.8,Bulk,Dumbbell Calf Raises,Legs,20.0,12,240.0,28.0,0.3794037940379404
2026-02-17,8,Feb,College Gym,74.1,Bulk,Dumbbell Press,Chest,25.0,6,150.0,30.0,0.40485829959514175
2026-02-17,8,Feb,College Gym,74.1,Bulk,Dumbbell Press,Chest,20.0,11,220.0,27.333333333333336,0.3688708951866847
2026-02-17,8,Feb,College Gym,74.1,Bulk,Dumbbell Press,Chest,20.0,10,200.0,26.666666666666664,0.3598740440845704
2026-02-17,8,Feb,College Gym,74.1,Bulk,Incline Dumbbell Fly,Chest,15.0,7,105.0,18.5,0.24966261808367074
2026-02-17,8,Feb,College Gym,74.1,Bulk,Incline Dumbbell Fly,Chest,15.0,6,90.0,18.0,0.24291497975708504
2026-02-17,8,Feb,College Gym,74.1,Bulk,Incline Dumbbell Fly,Chest,12.5,9,112.5,16.25,0.2192982456140351
2026-02-17,8,Feb,College Gym,74.1,Bulk,Tricep Overhead Rope Extension,Triceps,25.0,13,325.0,35.833333333333336,0.48358074673864154
2026-02-17,8,Feb,College Gym,74.1,Bulk,Tricep Overhead Rope Extension,Triceps,30.0,6,180.0,36.0,0.4858299595141701
2026-02-17,8,Feb,College Gym,74.1,Bulk,Tricep Overhead Rope Extension,Triceps,25.0,8,200.0,31.666666666666664,0.42735042735042733
2026-02-17,8,Feb,College Gym,74.1,Bulk,Tricep Pushdown,Triceps,37.5,10,375.0,50.0,0.6747638326585695
2026-02-17,8,Feb,College Gym,74.1,Bulk,Tricep Pushdown,Triceps,37.5,12,450.0,52.5,0.708502024291498
2026-02-17,8,Feb,College Gym,74.1,Bulk,Tricep Pushdown,Triceps,37.5,11,412.5,51.25,0.6916329284750338
2026-02-18,8,Feb,College Gym,73.8,Bulk,Barbell Rowing,Back,25.0,7,175.0,30.833333333333336,0.417795844625113
2026-02-18,8,Feb,College Gym,73.8,Bulk,Barbell Rowing,Back,25.0,7,175.0,30.833333333333336,0.417795844625113
2026-02-18,8,Feb,College Gym,73.8,Bulk,Chest Supported Rows,Back,17.5,13,227.5,25.083333333333332,0.3398825654923216
2026-02-18,8,Feb,College Gym,73.8,Bulk,Chest Supported Rows,Back,20.0,9,180.0,26.0,0.3523035230352304
2026-02-18,8,Feb,College Gym,73.8,Bulk,Incline Curls,Biceps,15.0,7,105.0,18.5,0.2506775067750678
2026-02-18,8,Feb,College Gym,73.8,Bulk,Incline Curls,Biceps,12.5,8,100.0,15.833333333333332,0.2145438121047877
2026-02-18,8,Feb,College Gym,73.8,Bulk,Incline Curls,Biceps,12.5,7,87.5,15.416666666666668,0.2088979223125565
2026-02-18,8,Feb,College Gym,73.8,Bulk,Dumbbell Hammer Curls,,15.0,11,165.0,20.5,0.2777777777777778
2026-02-18,8,Feb,College Gym,73.8,Bulk,Dumbbell Hammer Curls,,15.0,9,135.0,19.5,0.26422764227642276
2026-02-18,8,Feb,College Gym,73.8,Bulk,Dumbbell Hammer Curls,,15.0,8,120.0,19.0,0.25745257452574527
2026-02-18,8,Feb,College Gym,73.8,Bulk,Cable Lat Pullovers,Back,60.0,6,360.0,72.0,0.9756097560975611
2026-02-18,8,Feb,College Gym,73.8,Bulk,Cable Lat Pullovers,Back,52.5,12,630.0,73.5,0.9959349593495935
2026-02-20,8,Feb,College Gym,73.75,Bulk,Goblet Squats,Legs,25.0,15,375.0,37.5,0.5084745762711864
2026-02-20,8,Feb,College Gym,73.75,Bulk,Goblet Squats,Legs,25.0,15,375.0,37.5,0.5084745762711864
2026-02-20,8,Feb,College Gym,73.75,Bulk,Seated Lateral Raises,Shoulders,10.0,12,120.0,14.0,0.18983050847457628
2026-02-20,8,Feb,College Gym,73.75,Bulk,Seated Lateral Raises,Shoulders,10.0,10,100.0,13.333333333333332,0.18079096045197737
2026-02-20,8,Feb,College Gym,73.75,Bulk,Seated Lateral Raises,Shoulders,7.5,14,105.0,11.0,0.14915254237288136
2026-02-20,8,Feb,College Gym,73.75,Bulk,Incline Rear Delt Fly,Shoulders,5.0,14,70.0,7.333333333333334,0.09943502824858758
2026-02-20,8,Feb,College Gym,73.75,Bulk,Incline Rear Delt Fly,Shoulders,5.0,12,60.0,7.0,0.09491525423728814
2026-02-20,8,Feb,College Gym,73.75,Bulk,Incline Rear Delt Fly,Shoulders,5.0,12,60.0,7.0,0.09491525423728814
2026-02-20,8,Feb,College Gym,73.75,Bulk,Cable Rdl,Legs,82.5,12,990.0,115.49999999999999,1.566101694915254
2026-02-20,8,Feb,College Gym,73.75,Bulk,Cable Rdl,Legs,82.5,12,990.0,115.49999999999999,1.566101694915254
2026-02-20,8,Feb,College Gym,73.75,Bulk,Cable Rdl,Legs,82.5,9,742.5,107.25,1.4542372881355932
2026-02-20,8,Feb,College Gym,73.75,Bulk,Dumbbell Calf Raises,Legs,20.0,20,400.0,33.33333333333333,0.45197740112994345
2026-02-20,8,Feb,College Gym,73.75,Bulk,Dumbbell Calf Raises,Legs,20.0,18,360.0,32.0,0.43389830508474575
2026-02-20,8,Feb,College Gym,73.75,Bulk,Dumbbell Calf Raises,Legs,20.0,14,280.0,29.333333333333336,0.3977401129943503
2026-02-21,8,Feb,College Gym,73.65,Bulk,Closegrip Dumbbell Press,Triceps,25.0,5,125.0,29.166666666666668,0.3960171984611903
2026-02-21,8,Feb,College Gym,73.65,Bulk,Closegrip Dumbbell Press,Triceps,20.0,11,220.0,27.333333333333336,0.37112468884362976
2026-02-21,8,Feb,College Gym,73.65,Bulk,Closegrip Dumbbell Press,Triceps,20.0,10,200.0,26.666666666666664,0.3620728671645168
2026-02-21,8,Feb,College Gym,73.65,Bulk,Overhead Skull Crushee,Triceps,30.0,12,360.0,42.0,0.570264765784114
2026-02-21,8,Feb,College Gym,73.65,Bulk,Overhead Skull Crushee,Triceps,37.5,7,262.5,46.25,0.6279701289884588
2026-02-21,8,Feb,College Gym,73.65,Bulk,Overhead Skull Crushee,Triceps,37.5,7,262.5,46.25,0.6279701289884588
2026-02-21,8,Feb,College Gym,73.65,Bulk,Dumbbell Curls,Biceps,17.5,9,157.5,22.75,0.3088934147997284
2026-02-21,8,Feb,College Gym,73.65,Bulk,Dumbbell Curls,Biceps,17.5,7,122.5,21.583333333333336,0.29305272686128087
2026-02-21,8,Feb,College Gym,73.65,Bulk,Dumbbell Curls,Biceps,17.5,6,105.0,21.0,0.285132382892057
2026-02-21,8,Feb,College Gym,73.65,Bulk,Incline Hammer Curls,Biceps,15.0,8,120.0,19.0,0.25797691785471827
2026-02-21,8,Feb,College Gym,73.65,Bulk,Incline Hammer Curls,Biceps,15.0,9,135.0,19.5,0.26476578411405294
2026-02-21,8,Feb,College Gym,73.65,Bulk,Incline Hammer Curls,Biceps,15.0,8,120.0,19.0,0.25797691785471827
2026-02-21,8,Feb,College Gym,73.65,Bulk,Chest Supported Lateral Raises,Shoulders,10.0,10,100.0,13.333333333333332,0.1810364335822584
2026-02-21,8,Feb,College Gym,73.65,Bulk,Chest Supported Lateral Raises,Shoulders,10.0,10,100.0,13.333333333333332,0.1810364335822584
2026-02-21,8,Feb,College Gym,73.65,Bulk,Chest Supported Lateral Raises,Shoulders,10.0,10,100.0,13.333333333333332,0.1810364335822584
2026-02-21,8,Feb,College Gym,73.65,Bulk,Cable Fly,Chest,30.0,13,390.0,43.0,0.5838424983027833
2026-02-21,8,Feb,College Gym,73.65,Bulk,Cable Fly,Chest,30.0,10,300.0,40.0,0.5431093007467752
2026-02-25,9,Feb,College Gym,73.9,Bulk,Dumbbell Press,Chest,25.0,6,150.0,30.0,0.40595399188092013
2026-02-25,9,Feb,College Gym,73.9,Bulk,Dumbbell Press,Chest,25.0,5,125.0,29.166666666666668,0.39467749210645015
2026-02-25,9,Feb,College Gym,73.9,Bulk,Dumbbell Press,Chest,20.0,11,220.0,27.333333333333336,0.36986919260261614
2026-02-25,9,Feb,College Gym,73.9,Bulk,Incline Dumbbell Fly,Chest,15.0,6,90.0,18.0,0.24357239512855208
2026-02-25,9,Feb,College Gym,73.9,Bulk,Incline Dumbbell Fly,Chest,15.0,8,120.0,19.0,0.2571041948579161
2026-02-25,9,Feb,College Gym,73.9,Bulk,Incline Dumbbell Fly,Chest,15.0,6,90.0,18.0,0.24357239512855208
2026-02-25,9,Feb,College Gym,73.9,Bulk,Tricep Overhead Rope Extension,Triceps,30.0,8,240.0,38.0,0.5142083897158322
2026-02-25,9,Feb,College Gym,73.9,Bulk,Tricep Overhead Rope Extension,Triceps,30.0,6,180.0,36.0,0.48714479025710417
2026-02-25,9,Feb,College Gym,73.9,Bulk,Tricep Overhead Rope Extension,Triceps,25.0,8,200.0,31.666666666666664,0.4285069914298601
2026-02-25,9,Feb,College Gym,73.9,Bulk,Tricep Pushdown,Triceps,37.5,12,450.0,52.5,0.7104194857916102
2026-02-25,9,Feb,College Gym,73.9,Bulk,Tricep Pushdown,Triceps,37.5,12,450.0,52.5,0.7104194857916102
2026-02-25,9,Feb,College Gym,73.9,Bulk,Tricep Pushdown,Triceps,37.5,12,450.0,52.5,0.7104194857916102
2026-02-26,9,Feb,College Gym,74.45,Bulk,Barbell Rowing,Back,25.0,4,100.0,28.333333333333332,0.3805686142825162
2026-02-26,9,Feb,College Gym,74.45,Bulk,Barbell Rowing,Back,25.0,8,200.0,31.666666666666664,0.42534139243340047
2026-02-26,9,Feb,College Gym,74.45,Bulk,Chest Supported Rows,Back,20.0,10,200.0,26.666666666666664,0.35818222520707405
2026-02-26,9,Feb,College Gym,74.45,Bulk,Chest Supported Rows,Back,20.0,10,200.0,26.666666666666664,0.35818222520707405
2026-02-26,9,Feb,College Gym,74.45,Bulk,Cable Lat Pullovers,Back,60.0,10,600.0,80.0,1.0745466756212223
2026-02-26,9,Feb,College Gym,74.45,Bulk,Cable Lat Pullovers,Back,60.0,8,480.0,76.0,1.0208193418401612
2026-02-26,9,Feb,College Gym,74.45,Bulk,Incline Curls,Biceps,15.0,9,135.0,19.5,0.2619207521826729
2026-02-26,9,Feb,College Gym,74.45,Bulk,Incline Curls,Biceps,15.0,8,120.0,19.0,0.2552048354600403
2026-02-26,9,Feb,College Gym,74.45,Bulk,Incline Curls,Biceps,15.0,6,90.0,18.0,0.241773002014775
2026-02-26,9,Feb,College Gym,74.45,Bulk,Dumbbell Hammer Curls,,15.0,9,135.0,19.5,0.2619207521826729
2026-02-26,9,Feb,College Gym,74.45,Bulk,Dumbbell Hammer Curls,,15.0,9,135.0,19.5,0.2619207521826729
2026-02-26,9,Feb,College Gym,74.45,Bulk,Dumbbell Hammer Curls,,15.0,7,105.0,18.5,0.24848891873740764
